대분류,중분류,소분류,제품,검사항목,검사금액,검사주기,비고
식품,두부류 또는 묵류,두부류,가공두부,대장균군(n=5),"43,600",3개월마다 1회 이상,"충전, 밀봉한 제품에 한함"
식품,두부류 또는 묵류,두부류,가공두부,타르색소(정성),"40,700",3개월마다 1회 이상,
식품,"음료, 빙과, 유함유 가공품",두유류,가공두유,대장균군(n=5),"43,600",2개월마다 1회 이상,멸균제품은 제외
식품,"음료, 빙과, 유함유 가공품",두유류,가공두유,세균수(n=5),"43,600",2개월마다 1회 이상,
축산물,유가공품류,버터류,가공버터,산가,"17,400",1개월마다 1회 이상,발효제품 제외
축산물,유가공품류,버터류,가공버터,대장균군(n=5),"43,600",1개월마다 1회 이상,
축산물,유가공품류,버터류,가공버터,리스테리아 모노사이토제네스(n=5),"64,900",1개월마다 1회 이상,
축산물,유가공품류,버터류,가공버터,보존료,"43,000",1개월마다 1회 이상,
축산물,유가공품류,버터류,가공버터,산화방지제,"60,600",1개월마다 1회 이상,
축산물,유가공품류,버터류,가공버터,살모넬라(n=5),"64,900",1개월마다 1회 이상,
축산물,유가공품류,버터류,가공버터,허용외 타르색소,"14,400",1개월마다 1회 이상,
기구 및 용기,가공셀룰로스제,가공셀룰로스제,가공셀룰로스제,비소,"36,000",6개월마다 1회 이상,
기구 및 용기,가공셀룰로스제,가공셀룰로스제,가공셀룰로스제,납(용출),"45,000",6개월마다 1회 이상,
기구 및 용기,가공셀룰로스제,가공셀룰로스제,가공셀룰로스제,총용출량(증발잔류물),"9,100",6개월마다 1회 이상,
식품,"장류, 절임, 조림, 조미식품류",식염,가공소금,카드뮴,"76,700",3개월마다 1회 이상,
식품,"장류, 절임, 조림, 조미식품류",식염,가공소금,납,"76,700",3개월마다 1회 이상,
축산물,유가공품류,농축유류,가공연유,대장균군(n=5),"43,600",1개월마다 1회 이상,
축산물,유가공품류,농축유류,가공연유,리스테리아 모노사이토제네스(n=5),"64,900",1개월마다 1회 이상,
축산물,유가공품류,농축유류,가공연유,살모넬라(n=5),"64,900",1개월마다 1회 이상,
축산물,유가공품류,농축유류,가공연유,세균수(n=5),"43,600",1개월마다 1회 이상,
축산물,유가공품류,가공유류,가공유,대장균군(n=5),"43,600",1개월마다 1회 이상,멸균제품 제외
축산물,유가공품류,가공유류,가공유,세균수(n=5),"43,600",1개월마다 1회 이상,유산균 첨가제품 제외
축산물,유가공품류,가공유류,가공유,리스테리아 모노사이토제네스(n=5),"64,900",1개월마다 1회 이상,
축산물,유가공품류,가공유류,가공유,살모넬라(n=5),"64,900",1개월마다 1회 이상,
식품,식용유지류,식용유지가공품,가공유지,산화방지제,"60,600",3개월마다 1회 이상,
식품,식용유지류,식용유지가공품,가공유지,벤조피렌,"22,000",3개월마다 1회 이상,
축산물,유가공품류,유크림류,가공유크림,대장균군(n=5),"43,600",1개월마다 1회 이상,멸균제품 제외
축산물,유가공품류,유크림류,가공유크림,리스테리아 모노사이토제네스(n=5),"64,900",1개월마다 1회 이상,
축산물,유가공품류,유크림류,가공유크림,살모넬라(n=5),"64,900",1개월마다 1회 이상,
축산물,유가공품류,유크림류,가공유크림,세균수(n=5),"43,600",1개월마다 1회 이상,
축산물,유가공품류,치즈류,가공치즈,장출혈성 대장균(n=5),"64,900",1개월마다 1회 이상,비살균 원유로 만든 치즈에 한함
축산물,유가공품류,치즈류,가공치즈,클로스트리디움 퍼프린젠스(n=5),"40,200",1개월마다 1회 이상,비살균 원유로 만든 치즈에 한함
축산물,유가공품류,치즈류,가공치즈,대장균군(n=5),"43,600",1개월마다 1회 이상,
축산물,유가공품류,치즈류,가공치즈,리스테리아 모노사이토제네스(n=5),"64,900",1개월마다 1회 이상,
축산물,유가공품류,치즈류,가공치즈,보존료,"43,000",1개월마다 1회 이상,
축산물,유가공품류,치즈류,가공치즈,살모넬라(n=5),"64,900",1개월마다 1회 이상,
축산물,유가공품류,치즈류,가공치즈,황색포도상구균(n=5),"64,900",1개월마다 1회 이상,
식품,벌꿀 및 화분가공품,화분가공식품,가공화분,대장균(n=5),"43,600",1개월마다 1회 이상,
식품,벌꿀 및 화분가공품,화분가공식품,가공화분,타르색소(정성),"40,700",1개월마다 1회 이상,
식품,벌꿀 및 화분가공품,화분가공식품,가공화분,총질소 및 조단백질,"26,000",1개월마다 1회 이상,
축산물,유가공품류,분유류,가당분유,대장균군(n=5),"43,600",1개월마다 1회 이상,
축산물,유가공품류,분유류,가당분유,리스테리아 모노사이토제네스(n=5),"64,900",1개월마다 1회 이상,
축산물,유가공품류,분유류,가당분유,살모넬라(n=5),"64,900",1개월마다 1회 이상,
축산물,유가공품류,분유류,가당분유,세균수(n=5),"43,600",1개월마다 1회 이상,
축산물,유가공품류,분유류,가당분유,수분,"8,000",1개월마다 1회 이상,
축산물,유가공품류,농축유류,가당연유,대장균군(n=5),"43,600",1개월마다 1회 이상,
축산물,유가공품류,농축유류,가당연유,리스테리아 모노사이토제네스(n=5),"64,900",1개월마다 1회 이상,
축산물,유가공품류,농축유류,가당연유,살모넬라(n=5),"64,900",1개월마다 1회 이상,
축산물,유가공품류,농축유류,가당연유,세균수(n=5),"43,600",1개월마다 1회 이상,
축산물,유가공품류,농축유류,가당탈지연유,대장균군(n=5),"43,600",1개월마다 1회 이상,
축산물,유가공품류,농축유류,가당탈지연유,리스테리아 모노사이토제네스(n=5),"64,900",1개월마다 1회 이상,
축산물,유가공품류,농축유류,가당탈지연유,살모넬라(n=5),"64,900",1개월마다 1회 이상,
축산물,유가공품류,농축유류,가당탈지연유,세균수(n=5),"43,600",1개월마다 1회 이상,
식품,즉석식품 및 장기보존식품,즉석섭취·편의식품류,간편조리세트,장출혈성 대장균(n=5),"64,900",3개월마다 1회 이상,가열조리하지 않고 섭취하는 농·축·수산물 함유제품에 한함
식품,즉석식품 및 장기보존식품,즉석섭취·편의식품류,간편조리세트,장염비브리오(n=5),"64,900",3개월마다 1회 이상,살균 또는 멸균처리 되지 않은 해산물 함유 제품에 한함
식품,즉석식품 및 장기보존식품,즉석섭취·편의식품류,간편조리세트,살모넬라(n=5),"64,900",3개월마다 1회 이상,
식품,즉석식품 및 장기보존식품,즉석섭취·편의식품류,간편조리세트,황색포도상구균(n=5),"64,900",3개월마다 1회 이상,
식품,즉석식품 및 장기보존식품,즉석섭취·편의식품류,간편조리세트,대장균(n=5),"43,600",3개월마다 1회 이상,
축산물,식육가공품류 및 포장육,양념육류,갈비가공품(살·멸균제품 및 비살균제품 중 그대로 섭취하는 제품),세균수(n=5),"43,600",1개월마다 1회 이상,멸균제품에 한함
축산물,식육가공품류 및 포장육,양념육류,갈비가공품(살·멸균제품 및 비살균제품 중 그대로 섭취하는 제품),대장균군(n=5),"43,600",1개월마다 1회 이상,살균제품에 한함
축산물,식육가공품류 및 포장육,양념육류,갈비가공품(살·멸균제품 및 비살균제품 중 그대로 섭취하는 제품),리스테리아 모노사이토제네스(n=5),"64,900",1개월마다 1회 이상,
축산물,식육가공품류 및 포장육,양념육류,갈비가공품(살·멸균제품 및 비살균제품 중 그대로 섭취하는 제품),보존료,"43,000",1개월마다 1회 이상,
축산물,식육가공품류 및 포장육,양념육류,갈비가공품(살·멸균제품 및 비살균제품 중 그대로 섭취하는 제품),살모넬라(n=5),"64,900",1개월마다 1회 이상,
축산물,식육가공품류 및 포장육,양념육류,갈비가공품(살·멸균제품 및 비살균제품 중 그대로 섭취하는 제품),발색제(아질산이온),"26,500",1개월마다 1회 이상,
축산물,식육가공품류 및 포장육,양념육류,갈비가공품(살·멸균제품 및 비살균제품 중 그대로 섭취하는 제품),허용외 타르색소,"14,400",1개월마다 1회 이상,
축산물,유가공품류,가공유류,강화우유,대장균군(n=5),"43,600",1개월마다 1회 이상,멸균제품 제외
축산물,유가공품류,가공유류,강화우유,세균수(n=5),"43,600",1개월마다 1회 이상,유산균 첨가제품 제외
축산물,유가공품류,가공유류,강화우유,리스테리아 모노사이토제네스(n=5),"64,900",1개월마다 1회 이상,
축산물,유가공품류,가공유류,강화우유,산도,"10,200",1개월마다 1회 이상,
축산물,유가공품류,가공유류,강화우유,살모넬라(n=5),"64,900",1개월마다 1회 이상,
식품,"장류, 절임, 조림, 조미식품류",장류,개량메주,보존료,"43,000",3개월마다 1회 이상,
식품,"장류, 절임, 조림, 조미식품류",장류,개량메주,타르색소(정성),"40,700",3개월마다 1회 이상,
식품,"장류, 절임, 조림, 조미식품류",장류,개량메주,"총 아플라톡신(B1, B2, G1, G2의 합)","87,000",3개월마다 1회 이상,
식품,"과자, 빵, 떡, 면, 코코아 가공, 초콜릿",면류,건면,대장균군(n=5),"43,600",3개월마다 1회 이상,
식품,"과자, 빵, 떡, 면, 코코아 가공, 초콜릿",면류,건면,대장균(n=5),"43,600",3개월마다 1회 이상,
식품,"과자, 빵, 떡, 면, 코코아 가공, 초콜릿",면류,건면,보존료,"43,000",3개월마다 1회 이상,
식품,"과자, 빵, 떡, 면, 코코아 가공, 초콜릿",면류,건면,타르색소(정성),"40,700",3개월마다 1회 이상,
식품,수산가공식품류,건포류,건어포,벤조피렌,"22,000",3개월마다 1회 이상,
식품,수산가공식품류,건포류,건어포,이산화황,"11,900",3개월마다 1회 이상,
축산물,식육가공품류 및 포장육,건조저장육류,건조저장육류(비살균제품),보존료,"43,000",1개월마다 1회 이상,
축산물,식육가공품류 및 포장육,건조저장육류,건조저장육류(비살균제품),발색제(아질산이온),"26,500",1개월마다 1회 이상,
축산물,식육가공품류 및 포장육,건조저장육류,건조저장육류(비살균제품),허용외 타르색소,"14,400",1개월마다 1회 이상,
축산물,식육가공품류 및 포장육,건조저장육류,건조저장육류(살·멸균제품 및 비살균제품 중 그대로 섭취하는 제품),세균수(n=5),"43,600",1개월마다 1회 이상,멸균제품에 한함
축산물,식육가공품류 및 포장육,건조저장육류,건조저장육류(살·멸균제품 및 비살균제품 중 그대로 섭취하는 제품),대장균군(n=5),"43,600",1개월마다 1회 이상,살균제품에 한함
축산물,식육가공품류 및 포장육,건조저장육류,건조저장육류(살·멸균제품 및 비살균제품 중 그대로 섭취하는 제품),리스테리아 모노사이토제네스(n=5),"64,900",1개월마다 1회 이상,
축산물,식육가공품류 및 포장육,건조저장육류,건조저장육류(살·멸균제품 및 비살균제품 중 그대로 섭취하는 제품),보존료,"43,000",1개월마다 1회 이상,
축산물,식육가공품류 및 포장육,건조저장육류,건조저장육류(살·멸균제품 및 비살균제품 중 그대로 섭취하는 제품),살모넬라(n=5),"64,900",1개월마다 1회 이상,
축산물,식육가공품류 및 포장육,건조저장육류,건조저장육류(살·멸균제품 및 비살균제품 중 그대로 섭취하는 제품),발색제(아질산이온),"26,500",1개월마다 1회 이상,
축산물,식육가공품류 및 포장육,건조저장육류,건조저장육류(살·멸균제품 및 비살균제품 중 그대로 섭취하는 제품),허용외 타르색소,"14,400",1개월마다 1회 이상,
기구 및 용기,합성수지제,에스테르계,경화폴리에스터수지,납(용출),"45,000",6개월마다 1회 이상,
기구 및 용기,합성수지제,에스테르계,경화폴리에스터수지,과망간산칼륨 소비량,"10,700",6개월마다 1회 이상,
기구 및 용기,합성수지제,에스테르계,경화폴리에스터수지,총용출량(증발잔류물),"9,100",6개월마다 1회 이상,
기구 및 용기,합성수지제,에스테르계,경화폴리에스터수지,테레프탈산 및 이소프탈산,"55,900",6개월마다 1회 이상,
기구 및 용기,합성수지제,에스테르계,경화폴리에스터수지,테레프탈산 및 이소프탈산,"55,900",6개월마다 1회 이상,
식품,특수용도식품,고령자용 영양조제 식품,고령자용 영양조제 식품,타르색소(정성),"40,700",1개월마다 1회 이상,
식품,특수용도식품,고령자용 영양조제 식품,고령자용 영양조제 식품,세균수(n=5),"43,600",1개월마다 1회 이상,
식품,특수용도식품,고령자용 영양조제 식품,고령자용 영양조제 식품,대장균군(n=5),"43,600",1개월마다 1회 이상,
식품,특수용도식품,고령자용 영양조제 식품,고령자용 영양조제 식품,바실러스 세레우스(n=5),"225,700",1개월마다 1회 이상,
기구 및 용기,고무젖꼭지,고무젖꼭지,고무젖꼭지,휘발성물질,"38,900",6개월마다 1회 이상,
기구 및 용기,고무제,고무제,고무제,"1,3-부타디엔","48,300",6개월마다 1회 이상,"1,3-부타디엔의 함유율이 50%이상인 고무제에 한함"
기구 및 용기,고무제,고무제,고무제,니트로사민류 및 니트로사민류 생성 가능물질,"124,900",6개월마다 1회 이상,고무젖꼭지에 한함
기구 및 용기,고무제,고무제,고무제,니트로사민류 및 니트로사민류 생성 가능물질,"124,900",6개월마다 1회 이상,고무젖꼭지에 한함
기구 및 용기,고무제,고무제,고무제,2-머캅토이미다졸,"53,900",6개월마다 1회 이상,염소를 함유한 고무제에 한함
기구 및 용기,고무제,고무제,고무제,납(잔류),"45,000",6개월마다 1회 이상,
기구 및 용기,고무제,고무제,고무제,카드뮴,"45,000",6개월마다 1회 이상,
기구 및 용기,고무제,고무제,고무제,납(용출),"45,000",6개월마다 1회 이상,
기구 및 용기,고무제,고무제,고무제,총용출량(증발잔류물),"9,100",6개월마다 1회 이상,
기구 및 용기,고무제,고무제,고무제,페놀시험,"37,300",6개월마다 1회 이상,
기구 및 용기,고무제,고무제,고무제,포름알데히드,"52,300",6개월마다 1회 이상,
기구 및 용기,고무제,고무제,고무제,아연,"36,000",6개월마다 1회 이상,
기구 및 용기,고무제,고무제,고무제,휘발성물질,"38,900",6개월마다 1회 이상,
기구 및 용기,고무제,고무제,고무제(고무젖꼭지 이외의 고무제),납(용출),"45,000",6개월마다 1회 이상,
기구 및 용기,고무제,고무제,고무제(고무젖꼭지 이외의 고무제),카드뮴,"45,000",6개월마다 1회 이상,
기구 및 용기,고무제,고무제,고무제(고무젖꼭지 이외의 고무제),납(잔류),"45,000",6개월마다 1회 이상,
기구 및 용기,고무제,고무제,고무제(고무젖꼭지 이외의 고무제),총용출량(증발잔류물),"9,100",6개월마다 1회 이상,
기구 및 용기,고무제,고무제,고무제(고무젖꼭지 이외의 고무제),페놀시험,"37,300",6개월마다 1회 이상,
기구 및 용기,고무제,고무제,고무제(고무젖꼭지 이외의 고무제),포름알데히드,"52,300",6개월마다 1회 이상,
기구 및 용기,고무제,고무제,고무제(고무젖꼭지 이외의 고무제),아연,"36,000",6개월마다 1회 이상,
식품,식용유지류,식물성유지류,고추씨기름,벤조피렌,"22,000",1개월마다 1회 이상,
식품,"장류, 절임, 조림, 조미식품류",장류,고추장,보존료,"43,000",3개월마다 1회 이상,
식품,"장류, 절임, 조림, 조미식품류",장류,고추장,타르색소(정성),"40,700",3개월마다 1회 이상,
식품,"장류, 절임, 조림, 조미식품류",고춧가루 또는 실고추,고춧가루,클로스트리디움 퍼프린젠스(n=5),"40,200",3개월마다 1회 이상,
식품,"장류, 절임, 조림, 조미식품류",고춧가루 또는 실고추,고춧가루,타르색소(정성),"40,700",3개월마다 1회 이상,
식품,"장류, 절임, 조림, 조미식품류",고춧가루 또는 실고추,고춧가루,곰팡이수,"16,100",3개월마다 1회 이상,
식품,"장류, 절임, 조림, 조미식품류",고춧가루 또는 실고추,고춧가루,이물,"10,000",3개월마다 1회 이상,
식품,"음료, 빙과, 유함유 가공품",다류,고형차,납,"76,700",3개월마다 1회 이상,
식품,"음료, 빙과, 유함유 가공품",다류,고형차,타르색소(정성),"40,700",3개월마다 1회 이상,
식품,농산가공식품류,기타농산가공품류,곡류가공품,대장균(n=5),"43,600",3개월마다 1회 이상,"더 이상 가공, 가열조리 하지 않고 그대로 섭취하는 비살균제품에 한함"
식품,농산가공식품류,기타농산가공품류,곡류가공품,세균수(n=5),"43,600",3개월마다 1회 이상,멸균제품에 한함
식품,농산가공식품류,기타농산가공품류,곡류가공품,대장균군(n=5),"43,600",3개월마다 1회 이상,살균제품에 한함
식품,농산가공식품류,기타농산가공품류,곡류가공품,과산화물가,"17,400",3개월마다 1회 이상,유탕·유처리식품에 한함
식품,농산가공식품류,기타농산가공품류,곡류가공품,산가,"17,400",3개월마다 1회 이상,유탕·유처리식품에 한함
식품,농산가공식품류,기타농산가공품류,곡류가공품,이물,"10,000",3개월마다 1회 이상,
식품,"동물성가공, 식육 및 알가공품",곤충가공식품,곤충가공품,세균수(n=5),"43,600",1개월마다 1회 이상,멸균제품에 한함
식품,"동물성가공, 식육 및 알가공품",곤충가공식품,곤충가공품,대장균(n=5),"43,600",1개월마다 1회 이상,"비살균제품 중 더 이상 가공, 가열 조리를 하지 않고 그대로 섭취하는 제품에 한함"
식품,"동물성가공, 식육 및 알가공품",곤충가공식품,곤충가공품,대장균군(n=5),"43,600",1개월마다 1회 이상,살균제품에 한함
식품,"동물성가공, 식육 및 알가공품",곤충가공식품,곤충가공품,과산화물가,"17,400",1개월마다 1회 이상,식용번데기 가공품에 한함
식품,"동물성가공, 식육 및 알가공품",곤충가공식품,곤충가공품,산가,"17,400",1개월마다 1회 이상,식용번데기 가공품에 한함
식품,"음료, 빙과, 유함유 가공품",과일·채소류 음료,과·채 음료,대장균(n=5),"43,600",2개월마다 1회 이상,가열하지 아니한 제품 또는 가열하지 아니한 원료 함유제품에 한함
식품,"음료, 빙과, 유함유 가공품",과일·채소류 음료,과·채 음료,대장균군(n=5),"43,600",2개월마다 1회 이상,가열하지 아니한 제품 또는 가열하지 아니한 원료가 함유된 제품 제외
식품,"음료, 빙과, 유함유 가공품",과일·채소류 음료,과·채 음료,보존료,"43,000",2개월마다 1회 이상,
식품,"음료, 빙과, 유함유 가공품",과일·채소류 음료,과·채 음료,세균수(n=5),"43,600",2개월마다 1회 이상,
식품,"음료, 빙과, 유함유 가공품",과일·채소류 음료,과·채 음료,카드뮴,"76,700",2개월마다 1회 이상,
식품,"음료, 빙과, 유함유 가공품",과일·채소류 음료,과·채 음료,납,"76,700",2개월마다 1회 이상,
식품,"음료, 빙과, 유함유 가공품",과일·채소류 음료,과·채 주스,대장균(n=5),"43,600",2개월마다 1회 이상,가열하지 아니한 제품 또는 가열하지 아니한 원료 함유제품에 한함
식품,"음료, 빙과, 유함유 가공품",과일·채소류 음료,과·채 주스,대장균군(n=5),"43,600",2개월마다 1회 이상,가열하지 아니한 제품 또는 가열하지 아니한 원료가 함유된 제품 제외
식품,"음료, 빙과, 유함유 가공품",과일·채소류 음료,과·채 주스,파튤린,"87,000",2개월마다 1회 이상,"사과주스농축액, 사과주스에 한함"
식품,"음료, 빙과, 유함유 가공품",과일·채소류 음료,과·채 주스,보존료,"43,000",2개월마다 1회 이상,
식품,"음료, 빙과, 유함유 가공품",과일·채소류 음료,과·채 주스,세균수(n=5),"43,600",2개월마다 1회 이상,
식품,"음료, 빙과, 유함유 가공품",과일·채소류 음료,과·채 주스,카드뮴,"76,700",2개월마다 1회 이상,
식품,"음료, 빙과, 유함유 가공품",과일·채소류 음료,과·채 주스,납,"76,700",2개월마다 1회 이상,
식품,농산가공식품류,기타농산가공품류,과·채가공품,세균수(n=5),"43,600",1개월마다 1회 이상,멸균제품에 한함
식품,농산가공식품류,기타농산가공품류,과·채가공품,대장균(n=5),"43,600",1개월마다 1회 이상,비살균제품에 한함
식품,농산가공식품류,기타농산가공품류,과·채가공품,대장균군(n=5),"43,600",1개월마다 1회 이상,살균제품에 한함
식품,농산가공식품류,기타농산가공품류,과·채가공품,타르색소(정성),"40,700",1개월마다 1회 이상,
식품,당류 및 잼류,과당류,과당,납,"76,700",3개월마다 1회 이상,
식품,주류,발효주류,과실주,납,"76,700",6개월마다 1회 이상,포도주에 한함
식품,주류,발효주류,과실주,보존료,"43,000",6개월마다 1회 이상,
식품,주류,발효주류,과실주,메탄올,"23,400",6개월마다 1회 이상,
식품,"과자, 빵, 떡, 면, 코코아 가공, 초콜릿",과자류,과자,"총 아플라톡신(B1, B2, G1, G2의 합)","87,000",3개월마다 1회 이상,땅콩 및 견과류함유식품에 한함.
식품,"과자, 빵, 떡, 면, 코코아 가공, 초콜릿",과자류,과자,세균수(n=5),"43,600",3개월마다 1회 이상,"밀봉제품에 한하며, 발효제품 또는 유산균함유제품은 제외."
식품,"과자, 빵, 떡, 면, 코코아 가공, 초콜릿",과자류,과자,산가,"17,400",3개월마다 1회 이상,유탕·유처리 식품에 한함.
식품,"과자, 빵, 떡, 면, 코코아 가공, 초콜릿",과자류,과자,황색포도상구균(n=5),"64,900",3개월마다 1회 이상,크림을 도포 또는 충전한 것에 한함. 가열제품 제외.
식품,"과자, 빵, 떡, 면, 코코아 가공, 초콜릿",과자류,과자,허용외 타르색소,"14,400",3개월마다 1회 이상,
기구 및 용기,금속제,금속제,금속제,납(용출),"45,000",6개월마다 1회 이상,
기구 및 용기,금속제,금속제,금속제,카드뮴,"45,000",6개월마다 1회 이상,
기구 및 용기,금속제,금속제,금속제,니켈,"25,700",6개월마다 1회 이상,
기구 및 용기,금속제,금속제,금속제,6가크롬,"33,200",6개월마다 1회 이상,
기구 및 용기,금속제,금속제,금속제,비소,"36,000",6개월마다 1회 이상,
식품,수산가공식품류,건포류,기타 건포류,벤조피렌,"22,000",3개월마다 1회 이상,
식품,수산가공식품류,건포류,기타 건포류,이산화황,"11,900",3개월마다 1회 이상,
식품,당류 및 잼류,과당류,기타 과당,납,"76,700",3개월마다 1회 이상,
식품,농산가공식품류,기타농산가공품류,기타 농산가공품,대장균(n=5),"43,600",3개월마다 1회 이상,"더 이상 가공, 가열조리 하지 않고 그대로 섭취하는 비살균제품에 한함"
식품,농산가공식품류,기타농산가공품류,기타 농산가공품,세균수(n=5),"43,600",3개월마다 1회 이상,멸균제품에 한함
식품,농산가공식품류,기타농산가공품류,기타 농산가공품,대장균군(n=5),"43,600",3개월마다 1회 이상,살균제품에 한함
식품,농산가공식품류,기타농산가공품류,기타 농산가공품,과산화물가,"17,400",3개월마다 1회 이상,유탕·유처리식품에 한함
식품,농산가공식품류,기타농산가공품류,기타 농산가공품,산가,"17,400",3개월마다 1회 이상,"참깨분,유탕·유처리식품에 한함"
식품,농산가공식품류,기타농산가공품류,기타 농산가공품,이물,"10,000",3개월마다 1회 이상,
식품,"동물성가공, 식육 및 알가공품",기타 식육 또는 기타 알제품,기타 동물성가공품,휘발성염기질소,"14,300",2개월마다 1회 이상,기타식육 100 % 제품에 한함
식품,"동물성가공, 식육 및 알가공품",기타 식육 또는 기타 알제품,기타 동물성가공품,보존료,"43,000",2개월마다 1회 이상,식육이 함유된 제품에 한함
식품,"동물성가공, 식육 및 알가공품",기타 식육 또는 기타 알제품,기타 동물성가공품,장출혈성 대장균,"29,000",2개월마다 1회 이상,원료용 분쇄육에 한함
식품,"동물성가공, 식육 및 알가공품",기타 식육 또는 기타 알제품,기타 동물성가공품,벤조피렌,"22,000",2개월마다 1회 이상,훈제제품에 한함
식품,식용유지류,동물성유지류,기타 동물성유지,산화방지제,"60,600",3개월마다 1회 이상,
식품,식용유지류,동물성유지류,기타 동물성유지,벤조피렌,"22,000",3개월마다 1회 이상,
식품,"음료, 빙과, 유함유 가공품",발효음료류,기타 발효음료,세균수(n=5),"43,600",2개월마다 1회 이상,살균제품에 한함
식품,"음료, 빙과, 유함유 가공품",발효음료류,기타 발효음료,보존료,"43,000",2개월마다 1회 이상,
식품,"음료, 빙과, 유함유 가공품",발효음료류,기타 발효음료,대장균군(n=5),"43,600",2개월마다 1회 이상,
식품,수산가공식품류,기타 수산물가공품,기타 수산물가공품,세균수(n=5),"43,600",3개월마다 1회 이상,멸균제품에 한함
식품,수산가공식품류,기타 수산물가공품,기타 수산물가공품,대장균(n=5),"43,600",3개월마다 1회 이상,"비살균제품 중 더 이상 가공, 가열조리를 하지 않고 그대로 섭취하는 제품에 한함"
식품,수산가공식품류,기타 수산물가공품,기타 수산물가공품,대장균군(n=5),"43,600",3개월마다 1회 이상,살균제품에 한함
식품,수산가공식품류,기타 수산물가공품,기타 수산물가공품,이물,"10,000",3개월마다 1회 이상,
식품,식용유지류,식물성유지류,기타 식물성유지,산화방지제,"60,600",3개월마다 1회 이상,
식품,식용유지류,식물성유지류,기타 식물성유지,벤조피렌,"22,000",3개월마다 1회 이상,
식품,식용유지류,식용유지가공품,기타 식용유지가공품,세균수(n=5),"43,600",3개월마다 1회 이상,멸균제품에 한함
식품,식용유지류,식용유지가공품,기타 식용유지가공품,대장균군(n=5),"43,600",3개월마다 1회 이상,살균제품에 한함
식품,식용유지류,식용유지가공품,기타 식용유지가공품,산가,"17,400",3개월마다 1회 이상,
식품,"동물성가공, 식육 및 알가공품",기타 식육 또는 기타 알제품,기타 식육 또는 기타 알제품,휘발성염기질소,"14,300",2개월마다 1회 이상,기타식육 100 % 제품에 한함
식품,"동물성가공, 식육 및 알가공품",기타 식육 또는 기타 알제품,기타 식육 또는 기타 알제품,보존료,"43,000",2개월마다 1회 이상,식육이 함유된 제품에 한함
식품,"동물성가공, 식육 및 알가공품",기타 식육 또는 기타 알제품,기타 식육 또는 기타 알제품,장출혈성 대장균,"29,000",2개월마다 1회 이상,원료용 분쇄육에 한함
식품,"동물성가공, 식육 및 알가공품",기타 식육 또는 기타 알제품,기타 식육 또는 기타 알제품,벤조피렌,"22,000",2개월마다 1회 이상,훈제제품에 한함
식품,수산가공식품류,어육가공품류,기타 어육가공품,세균수(n=5),"43,600",1개월마다 1회 이상,멸균제품에 한함
식품,수산가공식품류,어육가공품류,기타 어육가공품,대장균군(n=5),"43,600",1개월마다 1회 이상,살균제품에 한함
식품,수산가공식품류,어육가공품류,기타 어육가공품,보존료,"43,000",1개월마다 1회 이상,
식품,수산가공식품류,어육가공품류,기타 어육가공품,타르색소(정성),"40,700",1개월마다 1회 이상,
식품,당류 및 잼류,잼류,기타 잼,납,"76,700",3개월마다 1회 이상,
식품,당류 및 잼류,잼류,기타 잼,보존료,"43,000",3개월마다 1회 이상,
식품,"과자, 빵, 떡, 면, 코코아 가공, 초콜릿",코코아가공품류,기타 코코아가공품,살모넬라(n=5),"64,900",3개월마다 1회 이상,
식품,"과자, 빵, 떡, 면, 코코아 가공, 초콜릿",코코아가공품류,기타 코코아가공품,황색포도상구균(n=5),"64,900",3개월마다 1회 이상,
식품,효모 및 효소 등 기타 식품류,기타식품류,기타가공식품,세균수(n=5),"43,600",3개월마다 1회 이상,멸균제품에 한함
식품,효모 및 효소 등 기타 식품류,기타식품류,기타가공식품,대장균(n=5),"43,600",3개월마다 1회 이상,"비살균제품 중 더 이상 가공, 가열조리를 하지 않고 그대로 섭취하는 제품에 한함"
식품,효모 및 효소 등 기타 식품류,기타식품류,기타가공식품,대장균군(n=5),"43,600",3개월마다 1회 이상,살균제품에 한함
식품,효모 및 효소 등 기타 식품류,기타식품류,기타가공식품,과산화물가,"17,400",3개월마다 1회 이상,유탕·유처리식품에 한함
식품,효모 및 효소 등 기타 식품류,기타식품류,기타가공식품,산가,"17,400",3개월마다 1회 이상,유탕·유처리식품에 한함
식품,효모 및 효소 등 기타 식품류,기타식품류,기타가공식품,이물,"10,000",3개월마다 1회 이상,
식품,당류 및 잼류,설탕류,기타설탕,이산화황,"11,900",3개월마다 1회 이상,
식품,당류 및 잼류,설탕류,기타설탕,납,"76,700",3개월마다 1회 이상,
식품,"장류, 절임, 조림, 조미식품류",식염,기타소금,카드뮴,"76,700",3개월마다 1회 이상,
식품,"장류, 절임, 조림, 조미식품류",식염,기타소금,납,"76,700",3개월마다 1회 이상,
식품,당류 및 잼류,엿류,기타엿,납,"76,700",3개월마다 1회 이상,
식품,당류 및 잼류,엿류,기타엿,삭카린나트륨,"43,000",3개월마다 1회 이상,
식품,"장류, 절임, 조림, 조미식품류",장류,기타장류,보존료,"43,000",3개월마다 1회 이상,
식품,"장류, 절임, 조림, 조미식품류",장류,기타장류,타르색소(정성),"40,700",3개월마다 1회 이상,
식품,주류,기타주류,기타주류,메탄올,"23,400",6개월마다 1회 이상,
식품,특수용도식품,맞춤형영양조제식품,기타환자용 영양조제식품,크로노박터(n=5),"38,300",1개월마다 1회 이상,생후 6개월 미만의 영아를 대상으로 하는 영·유아용특수조제식품 중 분말제품에 한함
식품,특수용도식품,맞춤형영양조제식품,기타환자용 영양조제식품,바실러스 세레우스(n=5),"225,700",1개월마다 1회 이상,
식품,특수용도식품,맞춤형영양조제식품,기타환자용 영양조제식품,대장균군(n=5),"43,600",1개월마다 1회 이상,
식품,특수용도식품,맞춤형영양조제식품,기타환자용 영양조제식품,세균수(n=5),"43,600",1개월마다 1회 이상,
식품,특수용도식품,맞춤형영양조제식품,기타환자용 영양조제식품,타르색소(정성),"40,700",1개월마다 1회 이상,
식품,"장류, 절임, 조림, 조미식품류",김치류,김치,대장균군(n=5),"43,600",3개월마다 1회 이상,살균제품에 한함
식품,"장류, 절임, 조림, 조미식품류",김치류,김치,보존료,"43,000",3개월마다 1회 이상,
식품,"장류, 절임, 조림, 조미식품류",김치류,김치,타르색소(정성),"40,700",3개월마다 1회 이상,
식품,"장류, 절임, 조림, 조미식품류",김치류,김치,카드뮴,"76,700",3개월마다 1회 이상,
식품,"장류, 절임, 조림, 조미식품류",김치류,김치,납,"76,700",3개월마다 1회 이상,
식품,"장류, 절임, 조림, 조미식품류",김치류,김칫속,대장균군,"19,900",3개월마다 1회 이상,
식품,"장류, 절임, 조림, 조미식품류",김치류,김칫속,보존료,"43,000",3개월마다 1회 이상,
식품,"장류, 절임, 조림, 조미식품류",김치류,김칫속,타르색소(정성),"40,700",3개월마다 1회 이상,
식품,"장류, 절임, 조림, 조미식품류",김치류,김칫속,카드뮴,"76,700",3개월마다 1회 이상,
식품,"장류, 절임, 조림, 조미식품류",김치류,김칫속,납,"76,700",3개월마다 1회 이상,
축산물,알가공품류,알가공품,난백분(비살균제품),대장균군(n=5),"43,600",1개월마다 1회 이상,
축산물,알가공품류,알가공품,난백분(비살균제품),살모넬라(n=5),"64,900",1개월마다 1회 이상,
축산물,알가공품류,알가공품,난백분(비살균제품),세균수(n=5),"43,600",1개월마다 1회 이상,
축산물,알가공품류,알가공품,난백분(살·멸균제품 및 비살균제품 중 그대로 섭취하는 제품),대장균군(n=5),"43,600",1개월마다 1회 이상,
축산물,알가공품류,알가공품,난백분(살·멸균제품 및 비살균제품 중 그대로 섭취하는 제품),리스테리아 모노사이토제네스(n=5),"64,900",1개월마다 1회 이상,
축산물,알가공품류,알가공품,난백분(살·멸균제품 및 비살균제품 중 그대로 섭취하는 제품),살모넬라(n=5),"64,900",1개월마다 1회 이상,
축산물,알가공품류,알가공품,난백분(살·멸균제품 및 비살균제품 중 그대로 섭취하는 제품),세균수(n=5),"43,600",1개월마다 1회 이상,
축산물,알가공품류,알가공품,난백액(비살균제품),대장균군(n=5),"43,600",1개월마다 1회 이상,
축산물,알가공품류,알가공품,난백액(비살균제품),살모넬라(n=5),"64,900",1개월마다 1회 이상,
축산물,알가공품류,알가공품,난백액(비살균제품),세균수(n=5),"43,600",1개월마다 1회 이상,
축산물,알가공품류,알가공품,난백액(살·멸균제품 및 비살균제품 중 그대로 섭취하는 제품),대장균군(n=5),"43,600",1개월마다 1회 이상,
축산물,알가공품류,알가공품,난백액(살·멸균제품 및 비살균제품 중 그대로 섭취하는 제품),리스테리아 모노사이토제네스(n=5),"64,900",1개월마다 1회 이상,
축산물,알가공품류,알가공품,난백액(살·멸균제품 및 비살균제품 중 그대로 섭취하는 제품),살모넬라(n=5),"64,900",1개월마다 1회 이상,
축산물,알가공품류,알가공품,난백액(살·멸균제품 및 비살균제품 중 그대로 섭취하는 제품),세균수(n=5),"43,600",1개월마다 1회 이상,
축산물,알가공품류,알가공품,난황분(비살균제품),대장균군(n=5),"43,600",1개월마다 1회 이상,
축산물,알가공품류,알가공품,난황분(비살균제품),살모넬라(n=5),"64,900",1개월마다 1회 이상,
축산물,알가공품류,알가공품,난황분(비살균제품),세균수(n=5),"43,600",1개월마다 1회 이상,
축산물,알가공품류,알가공품,난황분(살·멸균제품 및 비살균제품 중 그대로 섭취하는 제품),대장균군(n=5),"43,600",1개월마다 1회 이상,
축산물,알가공품류,알가공품,난황분(살·멸균제품 및 비살균제품 중 그대로 섭취하는 제품),리스테리아 모노사이토제네스(n=5),"64,900",1개월마다 1회 이상,
축산물,알가공품류,알가공품,난황분(살·멸균제품 및 비살균제품 중 그대로 섭취하는 제품),살모넬라(n=5),"64,900",1개월마다 1회 이상,
축산물,알가공품류,알가공품,난황분(살·멸균제품 및 비살균제품 중 그대로 섭취하는 제품),세균수(n=5),"43,600",1개월마다 1회 이상,
축산물,알가공품류,알가공품,난황액(비살균제품),대장균군(n=5),"43,600",1개월마다 1회 이상,
축산물,알가공품류,알가공품,난황액(비살균제품),살모넬라(n=5),"64,900",1개월마다 1회 이상,
축산물,알가공품류,알가공품,난황액(비살균제품),세균수(n=5),"43,600",1개월마다 1회 이상,
축산물,알가공품류,알가공품,난황액(살·멸균제품 및 비살균제품 중 그대로 섭취하는 제품),대장균군(n=5),"43,600",1개월마다 1회 이상,
축산물,알가공품류,알가공품,난황액(살·멸균제품 및 비살균제품 중 그대로 섭취하는 제품),리스테리아 모노사이토제네스(n=5),"64,900",1개월마다 1회 이상,
축산물,알가공품류,알가공품,난황액(살·멸균제품 및 비살균제품 중 그대로 섭취하는 제품),살모넬라(n=5),"64,900",1개월마다 1회 이상,
축산물,알가공품류,알가공품,난황액(살·멸균제품 및 비살균제품 중 그대로 섭취하는 제품),세균수(n=5),"43,600",1개월마다 1회 이상,
식품,"음료, 빙과, 유함유 가공품",과일·채소류 음료,농축 과·채즙(또는 과·채분),대장균군(n=5),"43,600",2개월마다 1회 이상,가열하지 아니한 제품 또는 가열하지 아니한 원료 함유제품에 한함
식품,"음료, 빙과, 유함유 가공품",과일·채소류 음료,농축 과·채즙(또는 과·채분),대장균군(n=5),"43,600",2개월마다 1회 이상,가열하지 아니한 제품 또는 가열하지 아니한 원료가 함유된 제품 제외
식품,"음료, 빙과, 유함유 가공품",과일·채소류 음료,농축 과·채즙(또는 과·채분),파튤린,"87,000",2개월마다 1회 이상,"사과주스농축액, 사과주스에 한함"
식품,"음료, 빙과, 유함유 가공품",과일·채소류 음료,농축 과·채즙(또는 과·채분),보존료,"43,000",2개월마다 1회 이상,
식품,"음료, 빙과, 유함유 가공품",과일·채소류 음료,농축 과·채즙(또는 과·채분),세균수(n=5),"43,600",2개월마다 1회 이상,
식품,"음료, 빙과, 유함유 가공품",과일·채소류 음료,농축 과·채즙(또는 과·채분),카드뮴,"76,700",2개월마다 1회 이상,
식품,"음료, 빙과, 유함유 가공품",과일·채소류 음료,농축 과·채즙(또는 과·채분),납,"76,700",2개월마다 1회 이상,
축산물,유가공품류,농축유류,농축우유,대장균군(n=5),"43,600",1개월마다 1회 이상,멸균제품 제외
축산물,유가공품류,농축유류,농축우유,리스테리아 모노사이토제네스(n=5),"64,900",1개월마다 1회 이상,
축산물,유가공품류,농축유류,농축우유,산도,"10,200",1개월마다 1회 이상,
축산물,유가공품류,농축유류,농축우유,살모넬라(n=5),"64,900",1개월마다 1회 이상,
축산물,유가공품류,농축유류,농축우유,세균수(n=5),"43,600",1개월마다 1회 이상,
축산물,유가공품류,유청류,농축유청,대장균군(n=5),"43,600",1개월마다 1회 이상,멸균제품 제외
축산물,유가공품류,유청류,농축유청,리스테리아 모노사이토제네스(n=5),"64,900",1개월마다 1회 이상,
축산물,유가공품류,유청류,농축유청,살모넬라(n=5),"64,900",1개월마다 1회 이상,
축산물,유가공품류,유청류,농축유청,세균수(n=5),"43,600",1개월마다 1회 이상,
축산물,유가공품류,발효유류,농후발효유,대장균군(n=5),"43,600",1개월마다 1회 이상,
축산물,유가공품류,발효유류,농후발효유,리스테리아 모노사이토제네스(n=5),"64,900",1개월마다 1회 이상,
축산물,유가공품류,발효유류,농후발효유,살모넬라(n=5),"64,900",1개월마다 1회 이상,
축산물,유가공품류,발효유류,농후크림발효유,대장균군(n=5),"43,600",1개월마다 1회 이상,
축산물,유가공품류,발효유류,농후크림발효유,리스테리아 모노사이토제네스(n=5),"64,900",1개월마다 1회 이상,
축산물,유가공품류,발효유류,농후크림발효유,살모넬라(n=5),"64,900",1개월마다 1회 이상,
식품,특수용도식품,식단형식사관리식품,당뇨환자용 식단형 식품,세균수(n=5),"43,600",1개월마다 1회 이상,멸균제품에 한함
식품,특수용도식품,식단형식사관리식품,당뇨환자용 식단형 식품,클로스트리디움 퍼프린젠스(정량검사),"36,100",1개월마다 1회 이상,비가열 섭취 식품에 한함
식품,특수용도식품,식단형식사관리식품,당뇨환자용 식단형 식품,바실러스 세레우스(정량검사),"52,800",1개월마다 1회 이상,비가열 섭취 식품에 한함
식품,특수용도식품,식단형식사관리식품,당뇨환자용 식단형 식품,장염비브리오,"29,000",1개월마다 1회 이상,살균 또는 멸균 처리되지 않은 해산물 함유제품에 한함
식품,특수용도식품,식단형식사관리식품,당뇨환자용 식단형 식품,대장균(n=5),"43,600",1개월마다 1회 이상,살균제품 제외
식품,특수용도식품,식단형식사관리식품,당뇨환자용 식단형 식품,대장균군(n=5),"43,600",1개월마다 1회 이상,살균제품에 한함
식품,특수용도식품,식단형식사관리식품,당뇨환자용 식단형 식품,장출혈성 대장균,"29,000",1개월마다 1회 이상,
식품,특수용도식품,식단형식사관리식품,당뇨환자용 식단형 식품,살모넬라(n=5),"64,900",1개월마다 1회 이상,
식품,특수용도식품,식단형식사관리식품,당뇨환자용 식단형 식품,황색포도상구균,"29,000",1개월마다 1회 이상,
식품,특수용도식품,식단형식사관리식품,당뇨환자용 식단형 식품,타르색소(정성),"40,700",1개월마다 1회 이상,
식품,특수용도식품,표준형영양조제식품,당뇨환자용 영양조제식품,바실러스 세레우스(n=5),"225,700",1개월마다 1회 이상,
식품,특수용도식품,표준형영양조제식품,당뇨환자용 영양조제식품,대장균군(n=5),"43,600",1개월마다 1회 이상,
식품,특수용도식품,표준형영양조제식품,당뇨환자용 영양조제식품,세균수(n=5),"43,600",1개월마다 1회 이상,
식품,특수용도식품,표준형영양조제식품,당뇨환자용 영양조제식품,타르색소(정성),"40,700",1개월마다 1회 이상,
식품,당류 및 잼류,당류가공품,당류가공품,대장균(n=5),"43,600",3개월마다 1회 이상,
식품,당류 및 잼류,당류가공품,당류가공품,세균수(n=5),"43,600",3개월마다 1회 이상,
식품,당류 및 잼류,당류가공품,당류가공품,대장균군(n=5),"43,600",3개월마다 1회 이상,
식품,당류 및 잼류,당시럽류,당시럽류,납,"76,700",3개월마다 1회 이상,
식품,당류 및 잼류,당시럽류,당시럽류,삭카린나트륨,"43,000",3개월마다 1회 이상,
식품,"장류, 절임, 조림, 조미식품류",절임류,당절임,보존료,"43,000",3개월마다 1회 이상,
식품,"장류, 절임, 조림, 조미식품류",절임류,당절임,타르색소(정성),"40,700",3개월마다 1회 이상,
식품,"장류, 절임, 조림, 조미식품류",절임류,당절임,대장균(n=5),"43,600",3개월마다 1회 이상,
식품,"장류, 절임, 조림, 조미식품류",절임류,당절임,대장균군(n=5),"43,600",3개월마다 1회 이상,
식품,"장류, 절임, 조림, 조미식품류",절임류,당절임,세균수(n=5),"43,600",3개월마다 1회 이상,
식품,당류 및 잼류,엿류,덱스트린,납,"76,700",3개월마다 1회 이상,
식품,당류 및 잼류,엿류,덱스트린,삭카린나트륨,"43,000",3개월마다 1회 이상,
기구 및 용기,"유리제,도자기제, 법랑 및 옹기류","유리제,도자기제, 법랑 및 옹기류",도자기제.옹기류,비소,"36,000",6개월마다 1회 이상,"옹기류에 한함, 단, 액체를 채울수 없거나 액체를 채웠을 때 깊이가 2.5cm미만인 경우 제외"
기구 및 용기,"유리제,도자기제, 법랑 및 옹기류","유리제,도자기제, 법랑 및 옹기류",도자기제.옹기류,납(용출),"45,000",6개월마다 1회 이상,
기구 및 용기,"유리제,도자기제, 법랑 및 옹기류","유리제,도자기제, 법랑 및 옹기류",도자기제.옹기류,카드뮴,"45,000",6개월마다 1회 이상,
식품,"장류, 절임, 조림, 조미식품류",장류,된장,보존료,"43,000",3개월마다 1회 이상,
식품,"장류, 절임, 조림, 조미식품류",장류,된장,타르색소(정성),"40,700",3개월마다 1회 이상,
식품,농산가공식품류,기타농산가공품류,두류가공품,산가,"17,400",3개월마다 1회 이상,"대두분,유탕·유처리식품에 한함"
식품,농산가공식품류,기타농산가공품류,두류가공품,대장균(n=5),"43,600",3개월마다 1회 이상,"더 이상 가공, 가열조리 하지 않고 그대로 섭취하는 비살균제품에 한함"
식품,농산가공식품류,기타농산가공품류,두류가공품,세균수(n=5),"43,600",3개월마다 1회 이상,멸균제품에 한함
식품,농산가공식품류,기타농산가공품류,두류가공품,대장균군(n=5),"43,600",3개월마다 1회 이상,살균제품에 한함
식품,농산가공식품류,기타농산가공품류,두류가공품,과산화물가,"17,400",3개월마다 1회 이상,유탕·유처리식품에 한함
식품,농산가공식품류,기타농산가공품류,두류가공품,이물,"10,000",3개월마다 1회 이상,
식품,두부류 또는 묵류,두부류,두부,타르색소(정성),"40,700",3개월마다 1회 이상,
식품,두부류 또는 묵류,두부류,두부,대장균군(n=5),"43,600",3개월마다 1회 이상,
식품,식용유지류,식물성유지류,들기름,산화방지제,"60,600",2개월마다 1회 이상,
식품,식용유지류,식물성유지류,들기름,벤조피렌,"22,000",2개월마다 1회 이상,
식품,농산가공식품류,땅콩 또는 견과류가공품,땅콩 또는 견과류가공품,"총 아플라톡신(B1, B2, G1, G2의 합)","87,000",1개월마다 1회 이상,
식품,식용유지류,식물성유지류,땅콩기름(낙화생유),산화방지제,"60,600",1개월마다 1회 이상,
식품,식용유지류,식물성유지류,땅콩기름(낙화생유),벤조피렌,"22,000",1개월마다 1회 이상,
식품,농산가공식품류,땅콩 또는 견과류가공품,땅콩버터,"총 아플라톡신(B1, B2, G1, G2의 합)","87,000",1개월마다 1회 이상,
식품,"과자, 빵, 떡, 면, 코코아 가공, 초콜릿",떡류,떡류,보존료,"43,000",3개월마다 1회 이상,
식품,"과자, 빵, 떡, 면, 코코아 가공, 초콜릿",떡류,떡류,대장균(n=5),"43,600",3개월마다 1회 이상,
축산물,레토르트식품,레토르트식품,레토르트식품,세균발육,"27,000",1개월마다 1회 이상,
축산물,레토르트식품,레토르트식품,레토르트식품,허용외 타르색소,"14,400",1개월마다 1회 이상,
식품,벌꿀 및 화분가공품,로열젤리류,로열젤리,대장균(n=5),"43,600",1개월마다 1회 이상,
식품,벌꿀 및 화분가공품,로열젤리류,로열젤리,총질소 및 조단백질,"26,000",1개월마다 1회 이상,
식품,벌꿀 및 화분가공품,로열젤리류,로열젤리,10-히드록시-2-데센산(10-HDA),"75,000",1개월마다 1회 이상,
식품,벌꿀 및 화분가공품,로열젤리류,로열젤리제품,대장균(n=5),"43,600",1개월마다 1회 이상,
식품,벌꿀 및 화분가공품,로열젤리류,로열젤리제품,10-히드록시-2-데센산(10-HDA),"75,000",1개월마다 1회 이상,
식품,주류,증류주류,리큐르,메탄올,"23,400",6개월마다 1회 이상,
식품,식용유지류,식용유지가공품,마가린,보존료,"43,000",3개월마다 1회 이상,
식품,식용유지류,식용유지가공품,마가린,산화방지제,"60,600",3개월마다 1회 이상,
식품,식용유지류,식용유지가공품,마가린,타르색소(정성),"40,700",3개월마다 1회 이상,
식품,"장류, 절임, 조림, 조미식품류",소스류,마요네즈,세균수(n=5),"43,600",1개월마다 1회 이상,멸균제품에 한함
식품,"장류, 절임, 조림, 조미식품류",소스류,마요네즈,대장균(n=5),"43,600",1개월마다 1회 이상,비살균제품에 한함
식품,"장류, 절임, 조림, 조미식품류",소스류,마요네즈,대장균군(n=5),"43,600",1개월마다 1회 이상,살균제품에 한함
식품,"장류, 절임, 조림, 조미식품류",소스류,마요네즈,보존료,"43,000",1개월마다 1회 이상,
식품,즉석식품 및 장기보존식품,만두류,만두,삭카린나트륨,"43,000",3개월마다 1회 이상,
식품,즉석식품 및 장기보존식품,만두류,만두피,보존료,"43,000",3개월마다 1회 이상,
식품,주류,발효주류,맥주,메탄올,"23,400",6개월마다 1회 이상,
기구 및 용기,합성수지제,스티렌계,메틸메타크릴레이트-아크릴로니트릴-부타디엔 스티렌 공중합체(MABS),메틸메타크릴레이트,"28,300",6개월마다 1회 이상,메틸메타크릴레이트의 함유율이 50%이상인 합성수지제에 한함
기구 및 용기,합성수지제,스티렌계,메틸메타크릴레이트-아크릴로니트릴-부타디엔 스티렌 공중합체(MABS),휘발성물질,"38,900",6개월마다 1회 이상,
기구 및 용기,합성수지제,스티렌계,메틸메타크릴레이트-아크릴로니트릴-부타디엔 스티렌 공중합체(MABS),"1,3-부타디엔","48,300",6개월마다 1회 이상,
기구 및 용기,합성수지제,스티렌계,메틸메타크릴레이트-아크릴로니트릴-부타디엔 스티렌 공중합체(MABS),납(용출),"45,000",6개월마다 1회 이상,
기구 및 용기,합성수지제,스티렌계,메틸메타크릴레이트-아크릴로니트릴-부타디엔 스티렌 공중합체(MABS),과망간산칼륨 소비량,"10,700",6개월마다 1회 이상,
기구 및 용기,합성수지제,스티렌계,메틸메타크릴레이트-아크릴로니트릴-부타디엔 스티렌 공중합체(MABS),총용출량(증발잔류물),"9,100",6개월마다 1회 이상,
기구 및 용기,합성수지제,스티렌계,메틸메타크릴레이트-아크릴로니트릴-부타디엔 스티렌 공중합체(MABS),아크릴로니트릴,"64,500",6개월마다 1회 이상,
식품,식용유지류,식용유지가공품,모조치즈,허용외 타르색소,"14,400",3개월마다 1회 이상,
식품,식용유지류,식용유지가공품,모조치즈,대장균군(n=5),"43,600",3개월마다 1회 이상,
기구 및 용기,목재류,목재류,목재류,비소,"36,000",6개월마다 1회 이상,
기구 및 용기,목재류,목재류,목재류,납(용출),"45,000",6개월마다 1회 이상,
기구 및 용기,목재류,목재류,목재류,이산화황,"13,300",6개월마다 1회 이상,
기구 및 용기,목재류,목재류,목재류,오쏘페닐페놀,"72,300",6개월마다 1회 이상,
기구 및 용기,목재류,목재류,목재류,티아벤다졸,"72,300",6개월마다 1회 이상,
기구 및 용기,목재류,목재류,목재류,비페닐,"72,300",6개월마다 1회 이상,
기구 및 용기,목재류,목재류,목재류,이마자릴,"72,300",6개월마다 1회 이상,
기구 및 용기,목재류,목재류,목재류,포름알데히드,"52,300",6개월마다 1회 이상,
식품,식용유지류,식물성유지류,목화씨기름(면실유),벤조피렌,"22,000",1개월마다 1회 이상,
식품,두부류 또는 묵류,묵류,묵류,대장균군(n=5),"43,600",3개월마다 1회 이상,"충전, 밀봉한 제품에 한함"
식품,두부류 또는 묵류,묵류,묵류,타르색소(정성),"40,700",3개월마다 1회 이상,
식품,당류 및 잼류,엿류,물엿,납,"76,700",3개월마다 1회 이상,
식품,당류 및 잼류,엿류,물엿,삭카린나트륨,"43,000",3개월마다 1회 이상,
식품,식용유지류,식물성유지류,미강유(현미유),벤조피렌,"22,000",1개월마다 1회 이상,
식품,농산가공식품류,밀가루류,밀가루,회분(조회분),"8,600",3개월마다 1회 이상,
식품,"과자, 빵, 떡, 면, 코코아 가공, 초콜릿",초콜릿류,밀크초콜릿,세균수(n=5),"43,600",3개월마다 1회 이상,"밀봉한 제품에 한하며, 발효제품 또는 유산균 첨가제품은 제외"
식품,"과자, 빵, 떡, 면, 코코아 가공, 초콜릿",초콜릿류,밀크초콜릿,허용외 타르색소,"14,400",3개월마다 1회 이상,
식품,"과자, 빵, 떡, 면, 코코아 가공, 초콜릿",초콜릿류,밀크초콜릿,타르색소(정량),"70,100",3개월마다 1회 이상,
축산물,유가공품류,발효유류,발효버터유,대장균군(n=5),"43,600",1개월마다 1회 이상,
축산물,유가공품류,발효유류,발효버터유,리스테리아 모노사이토제네스(n=5),"64,900",1개월마다 1회 이상,
축산물,유가공품류,발효유류,발효버터유,살모넬라(n=5),"64,900",1개월마다 1회 이상,
축산물,식육가공품류 및 포장육,소시지류,발효소시지(살·멸균제품 및 비살균제품 중 그대로 섭취하는 제품),세균수(n=5),"43,600",1개월마다 1회 이상,멸균제품에 한함
축산물,식육가공품류 및 포장육,소시지류,발효소시지(살·멸균제품 및 비살균제품 중 그대로 섭취하는 제품),대장균(n=5),"43,600",1개월마다 1회 이상,발효소시지에 한함
축산물,식육가공품류 및 포장육,소시지류,발효소시지(살·멸균제품 및 비살균제품 중 그대로 섭취하는 제품),대장균군(n=5),"43,600",1개월마다 1회 이상,살균제품에 한함
축산물,식육가공품류 및 포장육,소시지류,발효소시지(살·멸균제품 및 비살균제품 중 그대로 섭취하는 제품),리스테리아 모노사이토제네스(n=5),"64,900",1개월마다 1회 이상,
축산물,식육가공품류 및 포장육,소시지류,발효소시지(살·멸균제품 및 비살균제품 중 그대로 섭취하는 제품),보존료,"43,000",1개월마다 1회 이상,
축산물,식육가공품류 및 포장육,소시지류,발효소시지(살·멸균제품 및 비살균제품 중 그대로 섭취하는 제품),살모넬라(n=5),"64,900",1개월마다 1회 이상,
축산물,식육가공품류 및 포장육,소시지류,발효소시지(살·멸균제품 및 비살균제품 중 그대로 섭취하는 제품),발색제(아질산이온),"26,500",1개월마다 1회 이상,
축산물,식육가공품류 및 포장육,소시지류,발효소시지(살·멸균제품 및 비살균제품 중 그대로 섭취하는 제품),장출혈성 대장균(n=5),"64,900",1개월마다 1회 이상,
식품,"장류, 절임, 조림, 조미식품류",식초,발효식초,보존료,"43,000",3개월마다 1회 이상,
식품,"장류, 절임, 조림, 조미식품류",식초,발효식초,타르색소(정성),"40,700",3개월마다 1회 이상,
식품,"장류, 절임, 조림, 조미식품류",식초,발효식초,총산,"11,000",3개월마다 1회 이상,
축산물,유가공품류,발효유류,발효유,대장균군(n=5),"43,600",1개월마다 1회 이상,
축산물,유가공품류,발효유류,발효유,리스테리아 모노사이토제네스(n=5),"64,900",1개월마다 1회 이상,
축산물,유가공품류,발효유류,발효유,살모넬라(n=5),"64,900",1개월마다 1회 이상,
축산물,유가공품류,발효유류,발효유분말,대장균군(n=5),"43,600",1개월마다 1회 이상,
축산물,유가공품류,발효유류,발효유분말,리스테리아 모노사이토제네스(n=5),"64,900",1개월마다 1회 이상,
축산물,유가공품류,발효유류,발효유분말,살모넬라(n=5),"64,900",1개월마다 1회 이상,
축산물,유가공품류,버터류,버터,산가,"17,400",1개월마다 1회 이상,발효제품 제외
축산물,유가공품류,버터류,버터,대장균군(n=5),"43,600",1개월마다 1회 이상,
축산물,유가공품류,버터류,버터,리스테리아 모노사이토제네스(n=5),"64,900",1개월마다 1회 이상,
축산물,유가공품류,버터류,버터,보존료,"43,000",1개월마다 1회 이상,
축산물,유가공품류,버터류,버터,산화방지제,"60,600",1개월마다 1회 이상,
축산물,유가공품류,버터류,버터,살모넬라(n=5),"64,900",1개월마다 1회 이상,
축산물,유가공품류,버터류,버터,허용외 타르색소,"14,400",1개월마다 1회 이상,
축산물,유가공품류,버터류,버터오일,대장균군(n=5),"43,600",1개월마다 1회 이상,
축산물,유가공품류,버터류,버터오일,리스테리아 모노사이토제네스(n=5),"64,900",1개월마다 1회 이상,
축산물,유가공품류,버터류,버터오일,보존료,"43,000",1개월마다 1회 이상,
축산물,유가공품류,버터류,버터오일,산가,"17,400",1개월마다 1회 이상,
축산물,유가공품류,버터류,버터오일,산화방지제,"60,600",1개월마다 1회 이상,
축산물,유가공품류,버터류,버터오일,살모넬라(n=5),"64,900",1개월마다 1회 이상,
축산물,유가공품류,버터류,버터오일,허용외 타르색소,"14,400",1개월마다 1회 이상,
축산물,유가공품류,버터유,버터유,대장균군(n=5),"43,600",1개월마다 1회 이상,멸균제품 제외
축산물,유가공품류,버터유,버터유,리스테리아 모노사이토제네스(n=5),"64,900",1개월마다 1회 이상,
축산물,유가공품류,버터유,버터유,살모넬라(n=5),"64,900",1개월마다 1회 이상,
축산물,유가공품류,버터유,버터유,세균수(n=5),"43,600",1개월마다 1회 이상,
기구 및 용기,"유리제,도자기제, 법랑 및 옹기류","유리제,도자기제, 법랑 및 옹기류",법랑,납(용출),"45,000",6개월마다 1회 이상,
기구 및 용기,"유리제,도자기제, 법랑 및 옹기류","유리제,도자기제, 법랑 및 옹기류",법랑,카드뮴,"45,000",6개월마다 1회 이상,
기구 및 용기,"유리제,도자기제, 법랑 및 옹기류","유리제,도자기제, 법랑 및 옹기류",법랑,휘발성물질,"38,900",6개월마다 1회 이상,
축산물,식육가공품류 및 포장육,베이컨류,베이컨류,보존료,"43,000",1개월마다 1회 이상,비살균제품
축산물,식육가공품류 및 포장육,베이컨류,베이컨류,발색제(아질산이온),"26,500",1개월마다 1회 이상,비살균제품
축산물,식육가공품류 및 포장육,베이컨류,베이컨류,허용외 타르색소,"14,400",1개월마다 1회 이상,비살균제품
축산물,식육가공품류 및 포장육,베이컨류,베이컨류,대장균군(n=5),"43,600",1개월마다 1회 이상,살·멸균제품 및 비살균제품 중 그대로 섭취하는 제품
축산물,식육가공품류 및 포장육,베이컨류,베이컨류,리스테리아 모노사이토제네스(n=5),"64,900",1개월마다 1회 이상,살·멸균제품 및 비살균제품 중 그대로 섭취하는 제품
축산물,식육가공품류 및 포장육,베이컨류,베이컨류,보존료,"43,000",1개월마다 1회 이상,살·멸균제품 및 비살균제품 중 그대로 섭취하는 제품
축산물,식육가공품류 및 포장육,베이컨류,베이컨류,살모넬라(n=5),"64,900",1개월마다 1회 이상,살·멸균제품 및 비살균제품 중 그대로 섭취하는 제품
축산물,식육가공품류 및 포장육,베이컨류,베이컨류,세균수(n=5),"43,600",1개월마다 1회 이상,살·멸균제품 및 비살균제품 중 그대로 섭취하는 제품
축산물,식육가공품류 및 포장육,베이컨류,베이컨류,발색제(아질산이온),"26,500",1개월마다 1회 이상,살·멸균제품 및 비살균제품 중 그대로 섭취하는 제품
축산물,식육가공품류 및 포장육,베이컨류,베이컨류,허용외 타르색소,"14,400",1개월마다 1회 이상,살·멸균제품 및 비살균제품 중 그대로 섭취하는 제품
식품,"장류, 절임, 조림, 조미식품류",소스류,복합조미식품,세균수(n=5),"43,600",1개월마다 1회 이상,멸균제품에 한함
식품,"장류, 절임, 조림, 조미식품류",소스류,복합조미식품,대장균(n=5),"43,600",1개월마다 1회 이상,비살균제품에 한함
식품,"장류, 절임, 조림, 조미식품류",소스류,복합조미식품,대장균군(n=5),"43,600",1개월마다 1회 이상,살균제품에 한함
식품,"장류, 절임, 조림, 조미식품류",소스류,복합조미식품,허용외 타르색소,"14,400",1개월마다 1회 이상,
기구 및 용기,합성수지제,에스테르계,부틸레숙시네이트-아디페이트 공중합체(PBSA)-전분을 함유하지 않은 경우,과망간산칼륨 소비량,"10,700",6개월마다 1회 이상,"다만, 비내수정 용기는 제외한다."
기구 및 용기,합성수지제,에스테르계,부틸레숙시네이트-아디페이트 공중합체(PBSA)-전분을 함유하지 않은 경우,납(용출),"45,000",6개월마다 1회 이상,
기구 및 용기,합성수지제,에스테르계,부틸레숙시네이트-아디페이트 공중합체(PBSA)-전분을 함유하지 않은 경우,과망간산칼륨 소비량,"10,700",6개월마다 1회 이상,
기구 및 용기,합성수지제,에스테르계,부틸레숙시네이트-아디페이트 공중합체(PBSA)-전분을 함유하지 않은 경우,총용출량(증발잔류물),"9,100",6개월마다 1회 이상,
기구 및 용기,합성수지제,에스테르계,부틸레숙시네이트-아디페이트 공중합체(PBSA)-전분을 함유하지 않은 경우,"1,4-부탄디올","55,000",6개월마다 1회 이상,
기구 및 용기,합성수지제,에스테르계,부틸레숙시네이트-아디페이트 공중합체(PBSA)-전분을 함유한 경우,비소,"36,000",6개월마다 1회 이상,
기구 및 용기,합성수지제,에스테르계,부틸레숙시네이트-아디페이트 공중합체(PBSA)-전분을 함유한 경우,납(용출),"45,000",6개월마다 1회 이상,
기구 및 용기,합성수지제,에스테르계,부틸레숙시네이트-아디페이트 공중합체(PBSA)-전분을 함유한 경우,포름알데히드,"52,300",6개월마다 1회 이상,
기구 및 용기,합성수지제,에스테르계,부틸레숙시네이트-아디페이트 공중합체(PBSA)-전분을 함유한 경우,형광증백제시험,"12,100",6개월마다 1회 이상,
기구 및 용기,합성수지제,에스테르계,부틸레숙시네이트-아디페이트 공중합체(PBSA)-전분을 함유한 경우,"1,4-부탄디올","55,000",6개월마다 1회 이상,
기구 및 용기,합성수지제,에스테르계,부틸렌숙시네이트 공중합체(PBS)-전분을 함유하지 않은 경우,과망간산칼륨 소비량,"10,700",6개월마다 1회 이상,"다만, 비내수정 용기는 제외한다."
기구 및 용기,합성수지제,에스테르계,부틸렌숙시네이트 공중합체(PBS)-전분을 함유하지 않은 경우,납(용출),"45,000",6개월마다 1회 이상,
기구 및 용기,합성수지제,에스테르계,부틸렌숙시네이트 공중합체(PBS)-전분을 함유하지 않은 경우,과망간산칼륨 소비량,"10,700",6개월마다 1회 이상,
기구 및 용기,합성수지제,에스테르계,부틸렌숙시네이트 공중합체(PBS)-전분을 함유하지 않은 경우,총용출량(증발잔류물),"9,100",6개월마다 1회 이상,
기구 및 용기,합성수지제,에스테르계,부틸렌숙시네이트 공중합체(PBS)-전분을 함유하지 않은 경우,"1,4-부탄디올","55,000",6개월마다 1회 이상,
기구 및 용기,합성수지제,에스테르계,부틸렌숙시네이트 공중합체(PBS)-전분을 함유하지 않은 경우,비소,"36,000",6개월마다 1회 이상,
기구 및 용기,합성수지제,에스테르계,부틸렌숙시네이트 공중합체(PBS)-전분을 함유하지 않은 경우,납(용출),"45,000",6개월마다 1회 이상,
기구 및 용기,합성수지제,에스테르계,부틸렌숙시네이트 공중합체(PBS)-전분을 함유하지 않은 경우,포름알데히드,"52,300",6개월마다 1회 이상,
기구 및 용기,합성수지제,에스테르계,부틸렌숙시네이트 공중합체(PBS)-전분을 함유하지 않은 경우,형광증백제시험,"12,100",6개월마다 1회 이상,
기구 및 용기,합성수지제,에스테르계,부틸렌숙시네이트 공중합체(PBS)-전분을 함유하지 않은 경우,"1,4-부탄디올","55,000",6개월마다 1회 이상,
축산물,식육가공품류 및 포장육,양념육류,분쇄가공육제품,보존료,"43,000",1개월마다 1회 이상,비살균제품
축산물,식육가공품류 및 포장육,양념육류,분쇄가공육제품,발색제(아질산이온),"26,500",1개월마다 1회 이상,비살균제품
축산물,식육가공품류 및 포장육,양념육류,분쇄가공육제품,장출혈성 대장균(n=5),"64,900",1개월마다 1회 이상,비살균제품
축산물,식육가공품류 및 포장육,양념육류,분쇄가공육제품,허용외 타르색소,"14,400",1개월마다 1회 이상,비살균제품
축산물,식육가공품류 및 포장육,양념육류,분쇄가공육제품,대장균군(n=5),"43,600",1개월마다 1회 이상,살·멸균제품 및 비살균제품 중 그대로 섭취하는 제품
축산물,식육가공품류 및 포장육,양념육류,분쇄가공육제품,리스테리아 모노사이토제네스(n=5),"64,900",1개월마다 1회 이상,살·멸균제품 및 비살균제품 중 그대로 섭취하는 제품
축산물,식육가공품류 및 포장육,양념육류,분쇄가공육제품,보존료,"43,000",1개월마다 1회 이상,살·멸균제품 및 비살균제품 중 그대로 섭취하는 제품
축산물,식육가공품류 및 포장육,양념육류,분쇄가공육제품,살모넬라(n=5),"64,900",1개월마다 1회 이상,살·멸균제품 및 비살균제품 중 그대로 섭취하는 제품
축산물,식육가공품류 및 포장육,양념육류,분쇄가공육제품,세균수(n=5),"43,600",1개월마다 1회 이상,살·멸균제품 및 비살균제품 중 그대로 섭취하는 제품
축산물,식육가공품류 및 포장육,양념육류,분쇄가공육제품,발색제(아질산이온),"26,500",1개월마다 1회 이상,살·멸균제품 및 비살균제품 중 그대로 섭취하는 제품
축산물,식육가공품류 및 포장육,양념육류,분쇄가공육제품,장출혈성 대장균(n=5),"64,900",1개월마다 1회 이상,살·멸균제품 및 비살균제품 중 그대로 섭취하는 제품
축산물,식육가공품류 및 포장육,양념육류,분쇄가공육제품,허용외 타르색소,"14,400",1개월마다 1회 이상,살·멸균제품 및 비살균제품 중 그대로 섭취하는 제품
기구 및 용기,합성수지제,기타,불소수지(FR),납(용출),"45,000",6개월마다 1회 이상,
기구 및 용기,합성수지제,기타,불소수지(FR),과망간산칼륨 소비량,"10,700",6개월마다 1회 이상,
기구 및 용기,합성수지제,기타,불소수지(FR),총용출량(증발잔류물),"9,100",6개월마다 1회 이상,
식품,주류,증류주류,브랜디,알데히드,"23,400",6개월마다 1회 이상,
식품,주류,증류주류,브랜디,메탄올,"23,400",6개월마다 1회 이상,
축산물,빙과류,아이스크림류,비유지방아이스크림,세균수(n=5),"43,600",1개월마다 1회 이상,유산균 및 발효유 함유제품 제외
축산물,빙과류,아이스크림류,비유지방아이스크림,대장균군(n=5),"43,600",1개월마다 1회 이상,
축산물,빙과류,아이스크림류,비유지방아이스크림,리스테리아 모노사이토제네스(n=5),"64,900",1개월마다 1회 이상,
축산물,빙과류,아이스크림류,비유지방아이스크림,살모넬라(n=5),"64,900",1개월마다 1회 이상,
축산물,빙과류,아이스크림믹스류,비유지방아이스크림믹스,대장균군(n=5),"43,600",1개월마다 1회 이상,멸균제품 제외
축산물,빙과류,아이스크림믹스류,비유지방아이스크림믹스,세균수(n=5),"43,600",1개월마다 1회 이상,유산균 또는 발효유 함유제품 제외
축산물,빙과류,아이스크림믹스류,비유지방아이스크림믹스,리스테리아 모노사이토제네스(n=5),"64,900",1개월마다 1회 이상,
축산물,빙과류,아이스크림믹스류,비유지방아이스크림믹스,살모넬라(n=5),"64,900",1개월마다 1회 이상,
식품,"음료, 빙과, 유함유 가공품",빙과류,빙과,대장균,"19,900",1개월마다 1회 이상,
식품,"음료, 빙과, 유함유 가공품",빙과류,빙과,세균수(n=5),"43,600",1개월마다 1회 이상,
식품,"과자, 빵, 떡, 면, 코코아 가공, 초콜릿",빵류,빵류,허용외 타르색소,"14,400",3개월마다 1회 이상,
식품,"과자, 빵, 떡, 면, 코코아 가공, 초콜릿",빵류,빵류,보존료,"43,000",3개월마다 1회 이상,
식품,"과자, 빵, 떡, 면, 코코아 가공, 초콜릿",빵류,빵류,황색포도상구균(n=5),"64,900",3개월마다 1회 이상,
식품,"과자, 빵, 떡, 면, 코코아 가공, 초콜릿",빵류,빵류,살모넬라(n=5),"64,900",3개월마다 1회 이상,
식품,"과자, 빵, 떡, 면, 코코아 가공, 초콜릿",빵류,빵류,타르색소(정량),"70,100",3개월마다 1회 이상,
식품,"장류, 절임, 조림, 조미식품류",장류,산분해간장,3-MCPD,"80,900",3개월마다 1회 이상,
식품,"장류, 절임, 조림, 조미식품류",장류,산분해간장,보존료,"43,000",3개월마다 1회 이상,
식품,"장류, 절임, 조림, 조미식품류",장류,산분해간장,타르색소(정성),"40,700",3개월마다 1회 이상,
축산물,유가공품류,산양유,산양유,대장균군(n=5),"43,600",1개월마다 1회 이상,멸균제품 제외
축산물,유가공품류,산양유,산양유,세균수(n=5),"43,600",1개월마다 1회 이상,유산균 첨가제품 제외
축산물,유가공품류,산양유,산양유,리스테리아 모노사이토제네스(n=5),"64,900",1개월마다 1회 이상,
축산물,유가공품류,산양유,산양유,산도,"10,200",1개월마다 1회 이상,
축산물,유가공품류,산양유,산양유,살모넬라(n=5),"64,900",1개월마다 1회 이상,
식품,"과자, 빵, 떡, 면, 코코아 가공, 초콜릿",면류,생면,대장균군(n=5),"43,600",3개월마다 1회 이상,살균제품에 한함
식품,"과자, 빵, 떡, 면, 코코아 가공, 초콜릿",면류,생면,대장균(n=5),"43,600",3개월마다 1회 이상,주정처리제품에 한함
식품,"과자, 빵, 떡, 면, 코코아 가공, 초콜릿",면류,생면,보존료,"43,000",3개월마다 1회 이상,
식품,"과자, 빵, 떡, 면, 코코아 가공, 초콜릿",면류,생면,타르색소(정성),"40,700",3개월마다 1회 이상,
식품,즉석식품 및 장기보존식품,생식류,생식제품,대장균(n=5),"43,600",1개월마다 1회 이상,
식품,즉석식품 및 장기보존식품,생식류,생식제품,바실러스 세레우스(정량검사),"52,800",1개월마다 1회 이상,
식품,즉석식품 및 장기보존식품,생식류,생식제품,클로스트리디움 퍼프린젠스(정량검사),"36,100",1개월마다 1회 이상,
식품,즉석식품 및 장기보존식품,생식류,생식함유제품,대장균(n=5),"43,600",1개월마다 1회 이상,
식품,즉석식품 및 장기보존식품,생식류,생식함유제품,바실러스 세레우스(정량검사),"52,800",1개월마다 1회 이상,
식품,즉석식품 및 장기보존식품,생식류,생식함유제품,클로스트리디움 퍼프린젠스(정량검사),"36,100",1개월마다 1회 이상,
축산물,식육가공품류 및 포장육,햄류,생햄(살·멸균제품 및 비살균제품 중 그대로 섭취하는 제품),세균수(n=5),"43,600",1개월마다 1회 이상,멸균제품에 한함
축산물,식육가공품류 및 포장육,햄류,생햄(살·멸균제품 및 비살균제품 중 그대로 섭취하는 제품),대장균군(n=5),"43,600",1개월마다 1회 이상,살균제품에 한함
축산물,식육가공품류 및 포장육,햄류,생햄(살·멸균제품 및 비살균제품 중 그대로 섭취하는 제품),대장균(n=5),"43,600",1개월마다 1회 이상,생햄에 한함
축산물,식육가공품류 및 포장육,햄류,생햄(살·멸균제품 및 비살균제품 중 그대로 섭취하는 제품),리스테리아 모노사이토제네스(n=5),"64,900",1개월마다 1회 이상,
축산물,식육가공품류 및 포장육,햄류,생햄(살·멸균제품 및 비살균제품 중 그대로 섭취하는 제품),보존료,"43,000",1개월마다 1회 이상,
축산물,식육가공품류 및 포장육,햄류,생햄(살·멸균제품 및 비살균제품 중 그대로 섭취하는 제품),살모넬라(n=5),"64,900",1개월마다 1회 이상,
축산물,식육가공품류 및 포장육,햄류,생햄(살·멸균제품 및 비살균제품 중 그대로 섭취하는 제품),발색제(아질산이온),"26,500",1개월마다 1회 이상,
축산물,식육가공품류 및 포장육,햄류,생햄(살·멸균제품 및 비살균제품 중 그대로 섭취하는 제품),허용외 타르색소,"14,400",1개월마다 1회 이상,
축산물,빙과류,아이스크림류,샤베트,세균수(n=5),"43,600",1개월마다 1회 이상,유산균 및 발효유 함유제품 제외
축산물,빙과류,아이스크림류,샤베트,대장균군(n=5),"43,600",1개월마다 1회 이상,
축산물,빙과류,아이스크림류,샤베트,리스테리아 모노사이토제네스(n=5),"64,900",1개월마다 1회 이상,
축산물,빙과류,아이스크림류,샤베트,살모넬라(n=5),"64,900",1개월마다 1회 이상,
축산물,빙과류,아이스크림믹스류,샤베트믹스,대장균군(n=5),"43,600",1개월마다 1회 이상,멸균제품 제외
축산물,빙과류,아이스크림믹스류,샤베트믹스,세균수(n=5),"43,600",1개월마다 1회 이상,유산균 또는 발효유 함유제품 제외
축산물,빙과류,아이스크림믹스류,샤베트믹스,리스테리아 모노사이토제네스(n=5),"64,900",1개월마다 1회 이상,
축산물,빙과류,아이스크림믹스류,샤베트믹스,살모넬라(n=5),"64,900",1개월마다 1회 이상,
식품,농산가공식품류,기타농산가공품류,서류가공품,대장균(n=5),"43,600",3개월마다 1회 이상,"더 이상 가공, 가열조리 하지 않고 그대로 섭취하는 비살균제품에 한함"
식품,농산가공식품류,기타농산가공품류,서류가공품,세균수(n=5),"43,600",3개월마다 1회 이상,멸균제품에 한함
식품,농산가공식품류,기타농산가공품류,서류가공품,대장균군(n=5),"43,600",3개월마다 1회 이상,살균제품에 한함
식품,농산가공식품류,기타농산가공품류,서류가공품,과산화물가,"17,400",3개월마다 1회 이상,유탕·유처리식품에 한함
식품,농산가공식품류,기타농산가공품류,서류가공품,산가,"17,400",3개월마다 1회 이상,유탕·유처리식품에 한함
식품,농산가공식품류,기타농산가공품류,서류가공품,이물,"10,000",3개월마다 1회 이상,
식품,특수용도식품,맞춤형영양조제식품,선천성대사질환자용조제식품,크로노박터(n=5),"38,300",1개월마다 1회 이상,생후 6개월 미만의 영아를 대상으로 하는 영·유아용특수조제식품 중 분말제품에 한함
식품,특수용도식품,맞춤형영양조제식품,선천성대사질환자용조제식품,바실러스 세레우스(n=5),"225,700",1개월마다 1회 이상,
식품,특수용도식품,맞춤형영양조제식품,선천성대사질환자용조제식품,대장균군(n=5),"43,600",1개월마다 1회 이상,
식품,특수용도식품,맞춤형영양조제식품,선천성대사질환자용조제식품,세균수(n=5),"43,600",1개월마다 1회 이상,
식품,특수용도식품,맞춤형영양조제식품,선천성대사질환자용조제식품,타르색소(정성),"40,700",1개월마다 1회 이상,
식품,당류 및 잼류,설탕류,설탕,이산화황,"11,900",3개월마다 1회 이상,
식품,당류 및 잼류,설탕류,설탕,납,"76,700",3개월마다 1회 이상,
축산물,특수영양식품,조제유류,성장기용 조제유(매월 1회 이상),수분,"8,000",1개월마다 1회 이상,액상제품 제외
축산물,특수영양식품,조제유류,성장기용 조제유(매월 1회 이상),삭카린나트륨,"43,000",1개월마다 1회 이상,
축산물,특수영양식품,조제유류,성장기용 조제유(매월 1회 이상),허용외 타르색소,"14,400",1개월마다 1회 이상,
축산물,특수영양식품,조제유류,성장기용 조제유(제품생산 단위별),대장균군(n=5),"43,600",1개월마다 1회 이상,멸균제품제외
축산물,특수영양식품,조제유류,성장기용 조제유(제품생산 단위별),바실러스 세레우스(n=5),"225,700",1개월마다 1회 이상,멸균제품제외
축산물,특수영양식품,조제유류,성장기용 조제유(제품생산 단위별),세균수(n=5),"43,600",1개월마다 1회 이상,유산균첨가제품제외
축산물,특수영양식품,조제유류,성장기용 조제유(제품생산 단위별),리스테리아 모노사이토제네스(n=5),"64,900",1개월마다 1회 이상,
축산물,특수영양식품,조제유류,성장기용 조제유(제품생산 단위별),살모넬라(n=5),"64,900",1개월마다 1회 이상,
식품,특수용도식품,성장기용조제식,성장기용조제식,바실러스 세레우스(n=5),"225,700",1개월마다 1회 이상,멸균제품은 제외
식품,특수용도식품,성장기용조제식,성장기용조제식,크로노박터(n=5),"38,300",1개월마다 1회 이상,멸균제품은 제외
식품,특수용도식품,성장기용조제식,성장기용조제식,대장균군(n=5),"43,600",1개월마다 1회 이상,멸균제품은 제외
식품,특수용도식품,성장기용조제식,성장기용조제식,세균수(n=5),"43,600",1개월마다 1회 이상,유산균 첨가제품은 제외
식품,특수용도식품,성장기용조제식,성장기용조제식,타르색소(정성),"40,700",1개월마다 1회 이상,
식품,특수용도식품,성장기용조제식,성장기용조제식,삭카린나트륨,"43,000",1개월마다 1회 이상,
기구 및 용기,셀로판제,셀로판제,셀로판제,납(용출),"45,000",6개월마다 1회 이상,
기구 및 용기,셀로판제,셀로판제,셀로판제,카드뮴,"45,000",6개월마다 1회 이상,
기구 및 용기,셀로판제,셀로판제,셀로판제,수은,"15,100",6개월마다 1회 이상,
기구 및 용기,셀로판제,셀로판제,셀로판제,6가크롬,"33,200",6개월마다 1회 이상,
식품,"장류, 절임, 조림, 조미식품류",소스류,소스,허용외 타르색소,"14,400",1개월마다 1회 이상,
식품,"장류, 절임, 조림, 조미식품류",소스류,소스,대장균(n=5),"43,600",1개월마다 1회 이상,
식품,"장류, 절임, 조림, 조미식품류",소스류,소스,보존료,"43,000",1개월마다 1회 이상,
식품,"장류, 절임, 조림, 조미식품류",소스류,소스,세균수(n=5),"43,600",1개월마다 1회 이상,
식품,"장류, 절임, 조림, 조미식품류",소스류,소스,대장균군(n=5),"43,600",1개월마다 1회 이상,
축산물,식육가공품류 및 포장육,소시지류,"소시지, 발효소시지, 혼합소시지(비살균제품)",장출혈성 대장균(n=5),"64,900",1개월마다 1회 이상,소시지 중 식육을 분쇄하여 케이싱에 충전 후 냉장·냉동한 제품에 한함
축산물,식육가공품류 및 포장육,소시지류,"소시지, 발효소시지, 혼합소시지(비살균제품)",보존료,"43,000",1개월마다 1회 이상,
축산물,식육가공품류 및 포장육,소시지류,"소시지, 발효소시지, 혼합소시지(비살균제품)",발색제(아질산이온),"26,500",1개월마다 1회 이상,
축산물,식육가공품류 및 포장육,소시지류,소시지(살·멸균제품 및 비살균제품 중 그대로 섭취하는 제품),세균수(n=5),"43,600",1개월마다 1회 이상,멸균제품에 한함
축산물,식육가공품류 및 포장육,소시지류,소시지(살·멸균제품 및 비살균제품 중 그대로 섭취하는 제품),대장균(n=5),"43,600",1개월마다 1회 이상,발효소시지에 한함
축산물,식육가공품류 및 포장육,소시지류,소시지(살·멸균제품 및 비살균제품 중 그대로 섭취하는 제품),대장균군(n=5),"43,600",1개월마다 1회 이상,살균제품에 한함
축산물,식육가공품류 및 포장육,소시지류,소시지(살·멸균제품 및 비살균제품 중 그대로 섭취하는 제품),리스테리아 모노사이토제네스(n=5),"64,900",1개월마다 1회 이상,
축산물,식육가공품류 및 포장육,소시지류,소시지(살·멸균제품 및 비살균제품 중 그대로 섭취하는 제품),보존료,"43,000",1개월마다 1회 이상,
축산물,식육가공품류 및 포장육,소시지류,소시지(살·멸균제품 및 비살균제품 중 그대로 섭취하는 제품),살모넬라(n=5),"64,900",1개월마다 1회 이상,
축산물,식육가공품류 및 포장육,소시지류,소시지(살·멸균제품 및 비살균제품 중 그대로 섭취하는 제품),발색제(아질산이온),"26,500",1개월마다 1회 이상,
축산물,식육가공품류 및 포장육,소시지류,소시지(살·멸균제품 및 비살균제품 중 그대로 섭취하는 제품),장출혈성 대장균(n=5),"64,900",1개월마다 1회 이상,
식품,주류,증류주류,소주,알데히드,"23,400",6개월마다 1회 이상,
식품,주류,증류주류,소주,메탄올,"23,400",6개월마다 1회 이상,
식품,식용유지류,식용유지가공품,쇼트닝,산화방지제,"60,600",3개월마다 1회 이상,
식품,식용유지류,식용유지가공품,쇼트닝,벤조피렌,"22,000",3개월마다 1회 이상,
식품,"과자, 빵, 떡, 면, 코코아 가공, 초콜릿",면류,숙면,대장균군(n=5),"43,600",3개월마다 1회 이상,살균제품에 한함
식품,"과자, 빵, 떡, 면, 코코아 가공, 초콜릿",면류,숙면,대장균(n=5),"43,600",3개월마다 1회 이상,주정처리제품에 한함
식품,"과자, 빵, 떡, 면, 코코아 가공, 초콜릿",면류,숙면,보존료,"43,000",3개월마다 1회 이상,
식품,"과자, 빵, 떡, 면, 코코아 가공, 초콜릿",면류,숙면,타르색소(정성),"40,700",3개월마다 1회 이상,
식품,농산가공식품류,시리얼류,시리얼류,대장균군(n=5),"43,600",1개월마다 1회 이상,
식품,식용유지류,식용유지가공품,식물성크림,대장균군(n=5),"43,600",3개월마다 1회 이상,건조제품 제외
축산물,식용유지류,동물성유지류,식용돈지,비누화가,"17,400",1개월마다 1회 이상,
축산물,식용유지류,동물성유지류,식용돈지,산가,"17,400",1개월마다 1회 이상,
축산물,식용유지류,동물성유지류,식용돈지,산화방지제,"60,600",1개월마다 1회 이상,
축산물,식용유지류,동물성유지류,식용돈지,요오드가,"17,400",1개월마다 1회 이상,
식품,"음료, 빙과, 유함유 가공품",얼음류,식용얼음,대장균(n=5),"43,600",1개월마다 1회 이상,
식품,"음료, 빙과, 유함유 가공품",얼음류,식용얼음,세균수(n=5),"43,600",1개월마다 1회 이상,
축산물,식용유지류,동물성유지류,식용우지,비누화가,"17,400",1개월마다 1회 이상,
축산물,식용유지류,동물성유지류,식용우지,산가,"17,400",1개월마다 1회 이상,
축산물,식용유지류,동물성유지류,식용우지,산화방지제,"60,600",1개월마다 1회 이상,
축산물,식용유지류,동물성유지류,식용우지,요오드가,"17,400",1개월마다 1회 이상,
축산물,식육가공품류 및 포장육,식육간편조리세트,식육간편조리세트,장출혈성 대장균(n=5),"64,900",1개월마다 1회 이상,가열조리하지 않고 섭취하는 농·축·수산물 함유제품에 한함
축산물,식육가공품류 및 포장육,식육간편조리세트,식육간편조리세트,대장균(n=5),"43,600",1개월마다 1회 이상,
축산물,식육가공품류 및 포장육,식육간편조리세트,식육간편조리세트,살모넬라(n=5),"64,900",1개월마다 1회 이상,
축산물,식육가공품류 및 포장육,식육간편조리세트,식육간편조리세트,황색포도상구균(n=5),"64,900",1개월마다 1회 이상,
축산물,식육가공품류 및 포장육,식육추출가공품,식육추출가공품(비살균제품:그 외 제품),대장균(n=5),"43,600",1개월마다 1회 이상,
축산물,식육가공품류 및 포장육,식육추출가공품,식육추출가공품(비살균제품:그 외 제품),허용외 타르색소,"14,400",1개월마다 1회 이상,
축산물,식육가공품류 및 포장육,식육추출가공품,식육추출가공품(비살균제품:그대로 섭취),세균수(n=5),"43,600",1개월마다 1회 이상,멸균제품에 한함
축산물,식육가공품류 및 포장육,식육추출가공품,식육추출가공품(비살균제품:그대로 섭취),대장균군(n=5),"43,600",1개월마다 1회 이상,살균제품에 한함
축산물,식육가공품류 및 포장육,식육추출가공품,식육추출가공품(비살균제품:그대로 섭취),대장균(n=5),"43,600",1개월마다 1회 이상,액상제품 제외
축산물,식육가공품류 및 포장육,식육추출가공품,식육추출가공품(비살균제품:그대로 섭취),리스테리아 모노사이토제네스(n=5),"64,900",1개월마다 1회 이상,
축산물,식육가공품류 및 포장육,식육추출가공품,식육추출가공품(비살균제품:그대로 섭취),살모넬라(n=5),"64,900",1개월마다 1회 이상,
축산물,식육가공품류 및 포장육,식육추출가공품,식육추출가공품(비살균제품:그대로 섭취),허용외 타르색소,"14,400",1개월마다 1회 이상,
축산물,식육가공품류 및 포장육,식육추출가공품,식육추출가공품(살·멸균제품:그 외 제품),대장균군(n=5),"43,600",1개월마다 1회 이상,
축산물,식육가공품류 및 포장육,식육추출가공품,식육추출가공품(살·멸균제품:그 외 제품),허용외 타르색소,"14,400",1개월마다 1회 이상,
축산물,식육가공품류 및 포장육,식육추출가공품,식육추출가공품(살·멸균제품:그대로 섭취),세균수(n=5),"43,600",1개월마다 1회 이상,액상제품에 한함
축산물,식육가공품류 및 포장육,식육추출가공품,식육추출가공품(살·멸균제품:그대로 섭취),대장균군(n=5),"43,600",1개월마다 1회 이상,
축산물,식육가공품류 및 포장육,식육추출가공품,식육추출가공품(살·멸균제품:그대로 섭취),리스테리아 모노사이토제네스(n=5),"64,900",1개월마다 1회 이상,
축산물,식육가공품류 및 포장육,식육추출가공품,식육추출가공품(살·멸균제품:그대로 섭취),살모넬라(n=5),"64,900",1개월마다 1회 이상,
축산물,식육가공품류 및 포장육,식육추출가공품,식육추출가공품(살·멸균제품:그대로 섭취),허용외 타르색소,"14,400",1개월마다 1회 이상,
식품,"동물성가공, 식육 및 알가공품",식육함유가공품,식육함유가공품,세균수(n=5),"43,600",2개월마다 1회 이상,멸균제품에 한함
식품,"동물성가공, 식육 및 알가공품",식육함유가공품,식육함유가공품,살모넬라(n=5),"64,900",2개월마다 1회 이상,살균제품에 한함
식품,"동물성가공, 식육 및 알가공품",식육함유가공품,식육함유가공품,대장균군(n=5),"43,600",2개월마다 1회 이상,살균제품에 한함
식품,"동물성가공, 식육 및 알가공품",식육함유가공품,식육함유가공품,벤조피렌,"22,000",2개월마다 1회 이상,훈제제품에 한함
식품,"동물성가공, 식육 및 알가공품",식육함유가공품,식육함유가공품,보존료,"43,000",2개월마다 1회 이상,
식품,"동물성가공, 식육 및 알가공품",식육함유가공품,식육함유가공품,타르색소(정성),"40,700",2개월마다 1회 이상,
식품,"동물성가공, 식육 및 알가공품",식육함유가공품,식육함유가공품,발색제(아질산이온),"26,500",2개월마다 1회 이상,
식품,즉석식품 및 장기보존식품,즉석섭취·편의식품류,신선편의식품,세균수(n=5),"43,600",3개월마다 1회 이상,멸균제품에 한함
식품,즉석식품 및 장기보존식품,즉석섭취·편의식품류,신선편의식품,장염비브리오(n=5),"64,900",3개월마다 1회 이상,살균 또는 멸균처리 되지 않은 해산물 함유 제품에 한함
식품,즉석식품 및 장기보존식품,즉석섭취·편의식품류,신선편의식품,바실러스 세레우스(정량검사),"52,800",3개월마다 1회 이상,
식품,즉석식품 및 장기보존식품,즉석섭취·편의식품류,신선편의식품,살모넬라(n=5),"64,900",3개월마다 1회 이상,
식품,즉석식품 및 장기보존식품,즉석섭취·편의식품류,신선편의식품,황색포도상구균(n=5),"64,900",3개월마다 1회 이상,
식품,즉석식품 및 장기보존식품,즉석섭취·편의식품류,신선편의식품,대장균(n=5),"43,600",3개월마다 1회 이상,
식품,특수용도식품,식단형식사관리식품,신장질환자용 식단형 식품,세균수(n=5),"43,600",1개월마다 1회 이상,멸균제품에 한함
식품,특수용도식품,식단형식사관리식품,신장질환자용 식단형 식품,클로스트리디움 퍼프린젠스(정량검사),"36,100",1개월마다 1회 이상,비가열 섭취 식품에 한함
식품,특수용도식품,식단형식사관리식품,신장질환자용 식단형 식품,바실러스 세레우스(정량검사),"52,800",1개월마다 1회 이상,비가열 섭취 식품에 한함
식품,특수용도식품,식단형식사관리식품,신장질환자용 식단형 식품,장염비브리오,"29,000",1개월마다 1회 이상,살균 또는 멸균 처리되지 않은 해산물 함유제품에 한함
식품,특수용도식품,식단형식사관리식품,신장질환자용 식단형 식품,대장균(n=5),"43,600",1개월마다 1회 이상,살균제품 제외
식품,특수용도식품,식단형식사관리식품,신장질환자용 식단형 식품,대장균군(n=5),"43,600",1개월마다 1회 이상,살균제품에 한함
식품,특수용도식품,식단형식사관리식품,신장질환자용 식단형 식품,장출혈성 대장균,"29,000",1개월마다 1회 이상,
식품,특수용도식품,식단형식사관리식품,신장질환자용 식단형 식품,살모넬라(n=5),"64,900",1개월마다 1회 이상,
식품,특수용도식품,식단형식사관리식품,신장질환자용 식단형 식품,황색포도상구균,"29,000",1개월마다 1회 이상,
식품,특수용도식품,식단형식사관리식품,신장질환자용 식단형 식품,타르색소(정성),"40,700",1개월마다 1회 이상,
식품,특수용도식품,표준형영양조제식품,신장환자용 영양조제식품,바실러스 세레우스(n=5),"225,700",1개월마다 1회 이상,
식품,특수용도식품,표준형영양조제식품,신장환자용 영양조제식품,대장균군(n=5),"43,600",1개월마다 1회 이상,
식품,특수용도식품,표준형영양조제식품,신장환자용 영양조제식품,세균수(n=5),"43,600",1개월마다 1회 이상,
식품,특수용도식품,표준형영양조제식품,신장환자용 영양조제식품,타르색소(정성),"40,700",1개월마다 1회 이상,
식품,"장류, 절임, 조림, 조미식품류",고춧가루 또는 실고추,실고추,타르색소(정성),"40,700",3개월마다 1회 이상,
축산물,빙과류,아이스크림류,아이스밀크,세균수(n=5),"43,600",1개월마다 1회 이상,유산균 및 발효유 함유제품 제외
축산물,빙과류,아이스크림류,아이스밀크,대장균군(n=5),"43,600",1개월마다 1회 이상,
축산물,빙과류,아이스크림류,아이스밀크,리스테리아 모노사이토제네스(n=5),"64,900",1개월마다 1회 이상,
축산물,빙과류,아이스크림류,아이스밀크,살모넬라(n=5),"64,900",1개월마다 1회 이상,
축산물,빙과류,아이스크림믹스류,아이스밀크믹스,대장균군(n=5),"43,600",1개월마다 1회 이상,멸균제품 제외
축산물,빙과류,아이스크림믹스류,아이스밀크믹스,세균수(n=5),"43,600",1개월마다 1회 이상,유산균 또는 발효유 함유제품 제외
축산물,빙과류,아이스크림믹스류,아이스밀크믹스,리스테리아 모노사이토제네스(n=5),"64,900",1개월마다 1회 이상,
축산물,빙과류,아이스크림믹스류,아이스밀크믹스,살모넬라(n=5),"64,900",1개월마다 1회 이상,
축산물,빙과류,아이스크림류,아이스크림,세균수(n=5),"43,600",1개월마다 1회 이상,유산균 및 발효유 함유제품 제외
축산물,빙과류,아이스크림류,아이스크림,대장균군(n=5),"43,600",1개월마다 1회 이상,
축산물,빙과류,아이스크림류,아이스크림,리스테리아 모노사이토제네스(n=5),"64,900",1개월마다 1회 이상,
축산물,빙과류,아이스크림류,아이스크림,살모넬라(n=5),"64,900",1개월마다 1회 이상,
축산물,빙과류,아이스크림믹스류,아이스크림믹스,대장균군(n=5),"43,600",1개월마다 1회 이상,멸균제품 제외
축산물,빙과류,아이스크림믹스류,아이스크림믹스,세균수(n=5),"43,600",1개월마다 1회 이상,유산균 또는 발효유 함유제품 제외
축산물,빙과류,아이스크림믹스류,아이스크림믹스,리스테리아 모노사이토제네스(n=5),"64,900",1개월마다 1회 이상,
축산물,빙과류,아이스크림믹스류,아이스크림믹스,살모넬라(n=5),"64,900",1개월마다 1회 이상,
기구 및 용기,합성수지제,스티렌계,아크릴로니트릴-부타디엔-스티렌 공중합체(ABS),휘발성물질,"38,900",6개월마다 1회 이상,
기구 및 용기,합성수지제,스티렌계,아크릴로니트릴-부타디엔-스티렌 공중합체(ABS),"1,3-부타디엔","48,300",6개월마다 1회 이상,
기구 및 용기,합성수지제,스티렌계,아크릴로니트릴-부타디엔-스티렌 공중합체(ABS),납(용출),"45,000",6개월마다 1회 이상,
기구 및 용기,합성수지제,스티렌계,아크릴로니트릴-부타디엔-스티렌 공중합체(ABS),과망간산칼륨 소비량,"10,700",6개월마다 1회 이상,
기구 및 용기,합성수지제,스티렌계,아크릴로니트릴-부타디엔-스티렌 공중합체(ABS),총용출량(증발잔류물),"9,100",6개월마다 1회 이상,
기구 및 용기,합성수지제,스티렌계,아크릴로니트릴-부타디엔-스티렌 공중합체(ABS),아크릴로니트릴,"64,500",6개월마다 1회 이상,
기구 및 용기,합성수지제,스티렌계,아크릴로니트릴-스티렌(AS),메틸메타크릴레이트,"28,300",6개월마다 1회 이상,메틸메타크릴레이트의 함유율이 50%이상인 합성수지제에 한함
기구 및 용기,합성수지제,스티렌계,아크릴로니트릴-스티렌(AS),휘발성물질,"38,900",6개월마다 1회 이상,
기구 및 용기,합성수지제,스티렌계,아크릴로니트릴-스티렌(AS),납(용출),"45,000",6개월마다 1회 이상,
기구 및 용기,합성수지제,스티렌계,아크릴로니트릴-스티렌(AS),과망간산칼륨 소비량,"10,700",6개월마다 1회 이상,
기구 및 용기,합성수지제,스티렌계,아크릴로니트릴-스티렌(AS),총용출량(증발잔류물),"9,100",6개월마다 1회 이상,
기구 및 용기,합성수지제,아크릴계,아크릴수지,메틸메타크릴레이트,"28,300",6개월마다 1회 이상,메틸메타크릴레이트의 함유율이 50%이상인 합성수지제에 한함
기구 및 용기,합성수지제,아크릴계,아크릴수지,납(용출),"45,000",6개월마다 1회 이상,
기구 및 용기,합성수지제,아크릴계,아크릴수지,과망간산칼륨 소비량,"10,700",6개월마다 1회 이상,
기구 및 용기,합성수지제,아크릴계,아크릴수지,총용출량(증발잔류물),"9,100",6개월마다 1회 이상,
축산물,알가공품류,알가공품,알가열제품(비살균제품),대장균군(n=5),"43,600",1개월마다 1회 이상,
축산물,알가공품류,알가공품,알가열제품(비살균제품),살모넬라(n=5),"64,900",1개월마다 1회 이상,
축산물,알가공품류,알가공품,알가열제품(비살균제품),세균수(n=5),"43,600",1개월마다 1회 이상,
축산물,알가공품류,알가공품,알가열제품(살·멸균제품 및 비살균제품 중 그대로 섭취하는 제품),대장균군(n=5),"43,600",1개월마다 1회 이상,
축산물,알가공품류,알가공품,알가열제품(살·멸균제품 및 비살균제품 중 그대로 섭취하는 제품),리스테리아 모노사이토제네스(n=5),"64,900",1개월마다 1회 이상,
축산물,알가공품류,알가공품,알가열제품(살·멸균제품 및 비살균제품 중 그대로 섭취하는 제품),살모넬라(n=5),"64,900",1개월마다 1회 이상,
축산물,알가공품류,알가공품,알가열제품(살·멸균제품 및 비살균제품 중 그대로 섭취하는 제품),세균수(n=5),"43,600",1개월마다 1회 이상,
식품,"동물성가공, 식육 및 알가공품",알함유가공품,알함유가공품,세균수(n=5),"43,600",2개월마다 1회 이상,멸균제품 또는 살균제품에 한함
식품,"동물성가공, 식육 및 알가공품",알함유가공품,알함유가공품,대장균군(n=5),"43,600",2개월마다 1회 이상,살균제품에 한함
식품,"동물성가공, 식육 및 알가공품",알함유가공품,알함유가공품,살모넬라(n=5),"64,900",2개월마다 1회 이상,
식품,특수용도식품,식단형식사관리식품,암환자용 식단형 식품,세균수(n=5),"43,600",1개월마다 1회 이상,멸균제품에 한함
식품,특수용도식품,식단형식사관리식품,암환자용 식단형 식품,클로스트리디움 퍼프린젠스(정량검사),"36,100",1개월마다 1회 이상,비가열 섭취 식품에 한함
식품,특수용도식품,식단형식사관리식품,암환자용 식단형 식품,바실러스 세레우스(정량검사),"52,800",1개월마다 1회 이상,비가열 섭취 식품에 한함
식품,특수용도식품,식단형식사관리식품,암환자용 식단형 식품,장염비브리오,"29,000",1개월마다 1회 이상,살균 또는 멸균 처리되지 않은 해산물 함유제품에 한함
식품,특수용도식품,식단형식사관리식품,암환자용 식단형 식품,대장균(n=5),"43,600",1개월마다 1회 이상,살균제품 제외
식품,특수용도식품,식단형식사관리식품,암환자용 식단형 식품,대장균군(n=5),"43,600",1개월마다 1회 이상,살균제품에 한함
식품,특수용도식품,식단형식사관리식품,암환자용 식단형 식품,장출혈성 대장균(n=5),"64,900",1개월마다 1회 이상,
식품,특수용도식품,식단형식사관리식품,암환자용 식단형 식품,살모넬라(n=5),"64,900",1개월마다 1회 이상,
식품,특수용도식품,식단형식사관리식품,암환자용 식단형 식품,황색포도상구균,"29,000",1개월마다 1회 이상,
식품,특수용도식품,식단형식사관리식품,암환자용 식단형 식품,타르색소(정성),"40,700",1개월마다 1회 이상,
식품,특수용도식품,표준형영양조제식품,암환자용 영양조제식품,바실러스 세레우스(n=5),"225,700",1개월마다 1회 이상,
식품,특수용도식품,표준형영양조제식품,암환자용 영양조제식품,대장균군(n=5),"43,600",1개월마다 1회 이상,
식품,특수용도식품,표준형영양조제식품,암환자용 영양조제식품,세균수(n=5),"43,600",1개월마다 1회 이상,
식품,특수용도식품,표준형영양조제식품,암환자용 영양조제식품,타르색소(정성),"40,700",1개월마다 1회 이상,
식품,"음료, 빙과, 유함유 가공품",다류,액상차,대장균군(n=5),"43,600",3개월마다 1회 이상,
식품,"음료, 빙과, 유함유 가공품",다류,액상차,세균수(n=5),"43,600",3개월마다 1회 이상,
식품,"음료, 빙과, 유함유 가공품",다류,액상차,납,"76,700",3개월마다 1회 이상,
식품,"음료, 빙과, 유함유 가공품",다류,액상차,타르색소(정성),"40,700",3개월마다 1회 이상,
식품,수산가공식품류,젓갈류,액젓,보존료,"43,000",3개월마다 1회 이상,식염함량이 8 % 이하 제품에 한함
식품,수산가공식품류,젓갈류,액젓,타르색소(정성),"40,700",3개월마다 1회 이상,
식품,수산가공식품류,젓갈류,액젓,대장균군(n=5),"43,600",3개월마다 1회 이상,
식품,수산가공식품류,젓갈류,액젓,총질소 및 조단백질,"26,000",3개월마다 1회 이상,
식품,식용유지류,식물성유지류,야자유,벤조피렌,"22,000",1개월마다 1회 이상,
식품,주류,발효주류,약주,보존료,"43,000",6개월마다 1회 이상,
식품,주류,발효주류,약주,메탄올,"23,400",6개월마다 1회 이상,
축산물,식육가공품류 및 포장육,양념육류,"양념육, 갈비가공품(비살균제품)",보존료,"43,000",1개월마다 1회 이상,
축산물,식육가공품류 및 포장육,양념육류,"양념육, 갈비가공품(비살균제품)",발색제(아질산이온),"26,500",1개월마다 1회 이상,
축산물,식육가공품류 및 포장육,양념육류,"양념육, 갈비가공품(비살균제품)",허용외 타르색소,"14,400",1개월마다 1회 이상,
축산물,식육가공품류 및 포장육,양념육류,양념육(살·멸균제품 및 비살균제품 중 그대로 섭취하는 제품),세균수(n=5),"43,600",1개월마다 1회 이상,멸균제품에 한함
축산물,식육가공품류 및 포장육,양념육류,양념육(살·멸균제품 및 비살균제품 중 그대로 섭취하는 제품),대장균군(n=5),"43,600",1개월마다 1회 이상,살균제품에 한함
축산물,식육가공품류 및 포장육,양념육류,양념육(살·멸균제품 및 비살균제품 중 그대로 섭취하는 제품),리스테리아 모노사이토제네스(n=5),"64,900",1개월마다 1회 이상,
축산물,식육가공품류 및 포장육,양념육류,양념육(살·멸균제품 및 비살균제품 중 그대로 섭취하는 제품),보존료,"43,000",1개월마다 1회 이상,
축산물,식육가공품류 및 포장육,양념육류,양념육(살·멸균제품 및 비살균제품 중 그대로 섭취하는 제품),살모넬라(n=5),"64,900",1개월마다 1회 이상,
축산물,식육가공품류 및 포장육,양념육류,양념육(살·멸균제품 및 비살균제품 중 그대로 섭취하는 제품),발색제(아질산이온),"26,500",1개월마다 1회 이상,
축산물,식육가공품류 및 포장육,양념육류,양념육(살·멸균제품 및 비살균제품 중 그대로 섭취하는 제품),허용외 타르색소,"14,400",1개월마다 1회 이상,
식품,수산가공식품류,젓갈류,양념젓갈,타르색소(정성),"40,700",3개월마다 1회 이상,명란젓은 제외
식품,수산가공식품류,젓갈류,양념젓갈,보존료,"43,000",3개월마다 1회 이상,식염함량이 8 % 이하 제품에 한함
식품,수산가공식품류,젓갈류,양념젓갈,대장균(n=5),"43,600",3개월마다 1회 이상,
식품,"장류, 절임, 조림, 조미식품류",장류,양조간장,보존료,"43,000",3개월마다 1회 이상,
식품,"장류, 절임, 조림, 조미식품류",장류,양조간장,타르색소(정성),"40,700",3개월마다 1회 이상,
식품,수산가공식품류,어육가공품류,어묵,세균수(n=5),"43,600",1개월마다 1회 이상,멸균제품에 한함
식품,수산가공식품류,어육가공품류,어묵,대장균군(n=5),"43,600",1개월마다 1회 이상,살균제품에 한함
식품,수산가공식품류,어육가공품류,어묵,보존료,"43,000",1개월마다 1회 이상,
식품,수산가공식품류,어육가공품류,어묵,타르색소(정성),"40,700",1개월마다 1회 이상,
식품,"음료, 빙과, 유함유 가공품",얼음류,어업용얼음,대장균(n=5),"43,600",1개월마다 1회 이상,
식품,"음료, 빙과, 유함유 가공품",얼음류,어업용얼음,세균수(n=5),"43,600",1개월마다 1회 이상,
식품,수산가공식품류,어육가공품류,어육반제품,보존료,"43,000",1개월마다 1회 이상,
식품,수산가공식품류,어육가공품류,어육반제품,타르색소(정성),"40,700",1개월마다 1회 이상,
식품,수산가공식품류,어육가공품류,어육살,세균수(n=5),"43,600",1개월마다 1회 이상,멸균제품에 한함
식품,수산가공식품류,어육가공품류,어육살,대장균군(n=5),"43,600",1개월마다 1회 이상,살균제품에 한함
식품,수산가공식품류,어육가공품류,어육살,보존료,"43,000",1개월마다 1회 이상,
식품,수산가공식품류,어육가공품류,어육살,타르색소(정성),"40,700",1개월마다 1회 이상,
식품,수산가공식품류,어육가공품류,어육소시지,세균수(n=5),"43,600",1개월마다 1회 이상,멸균제품에 한함
식품,수산가공식품류,어육가공품류,어육소시지,대장균군(n=5),"43,600",1개월마다 1회 이상,살균제품에 한함
식품,수산가공식품류,어육가공품류,어육소시지,보존료,"43,000",1개월마다 1회 이상,
식품,수산가공식품류,어육가공품류,어육소시지,발색제(아질산이온),"26,500",1개월마다 1회 이상,
기구 및 용기,합성수지제,올레핀계,에틸렌-초산비닐 공중합체(EVA),납(용출),"45,000",6개월마다 1회 이상,
기구 및 용기,합성수지제,올레핀계,에틸렌-초산비닐 공중합체(EVA),과망간산칼륨 소비량,"10,700",6개월마다 1회 이상,
기구 및 용기,합성수지제,올레핀계,에틸렌-초산비닐 공중합체(EVA),총용출량(증발잔류물),"9,100",6개월마다 1회 이상,
기구 및 용기,합성수지제,올레핀계,에틸렌-초산비닐 공중합체(EVA),비닐아세테이트,"24,800",6개월마다 1회 이상,
기구 및 용기,합성수지제,기타,에폭시 수지,비스페놀 A 디글리시딜에테르 및 비스페놀 F 디글리시딜에테르,"84,700",6개월마다 1회 이상,이염화물과 이수화물 포함
기구 및 용기,합성수지제,기타,에폭시 수지,비스페놀 A 디글리시딜에테르 및 비스페놀 F 디글리시딜에테르,"84,700",6개월마다 1회 이상,이염화물과 이수화물 포함
기구 및 용기,합성수지제,기타,에폭시 수지,아민류,"33,500",6개월마다 1회 이상,
기구 및 용기,합성수지제,기타,에폭시 수지,납(용출),"45,000",6개월마다 1회 이상,
기구 및 용기,합성수지제,기타,에폭시 수지,과망간산칼륨 소비량,"10,700",6개월마다 1회 이상,
기구 및 용기,합성수지제,기타,에폭시 수지,일차방향족아민,"33,700",6개월마다 1회 이상,
기구 및 용기,합성수지제,기타,에폭시 수지,에피클로로히드린,"65,000",6개월마다 1회 이상,
기구 및 용기,합성수지제,기타,에폭시 수지,"4,4‘-메틸렌디아닐린","33,700",6개월마다 1회 이상,
식품,수산가공식품류,어육가공품류,연육,세균수(n=5),"43,600",1개월마다 1회 이상,멸균제품에 한함
식품,수산가공식품류,어육가공품류,연육,대장균군(n=5),"43,600",1개월마다 1회 이상,살균제품에 한함
식품,수산가공식품류,어육가공품류,연육,보존료,"43,000",1개월마다 1회 이상,
식품,수산가공식품류,어육가공품류,연육,타르색소(정성),"40,700",1개월마다 1회 이상,
식품,특수용도식품,표준형영양조제식품,연하곤란자용 점도조절 식품,바실러스 세레우스(n=5),"225,700",1개월마다 1회 이상,
식품,특수용도식품,표준형영양조제식품,연하곤란자용 점도조절 식품,대장균군(n=5),"43,600",1개월마다 1회 이상,
식품,특수용도식품,표준형영양조제식품,연하곤란자용 점도조절 식품,세균수(n=5),"43,600",1개월마다 1회 이상,
식품,특수용도식품,표준형영양조제식품,연하곤란자용 점도조절 식품,타르색소(정성),"40,700",1개월마다 1회 이상,
식품,특수용도식품,표준형영양조제식품,열량 및 영양공급용 식품,바실러스 세레우스(n=5),"225,700",1개월마다 1회 이상,
식품,특수용도식품,표준형영양조제식품,열량 및 영양공급용 식품,대장균군(n=5),"43,600",1개월마다 1회 이상,
식품,특수용도식품,표준형영양조제식품,열량 및 영양공급용 식품,세균수(n=5),"43,600",1개월마다 1회 이상,
식품,특수용도식품,표준형영양조제식품,열량 및 영양공급용 식품,타르색소(정성),"40,700",1개월마다 1회 이상,
식품,특수용도식품,맞춤형영양조제식품,영·유아용 특수조제식품,크로노박터(n=5),"38,300",1개월마다 1회 이상,생후 6개월 미만의 영아를 대상으로 하는 영·유아용특수조제식품 중 분말제품에 한함
식품,특수용도식품,맞춤형영양조제식품,영·유아용 특수조제식품,바실러스 세레우스(n=5),"225,700",1개월마다 1회 이상,
식품,특수용도식품,맞춤형영양조제식품,영·유아용 특수조제식품,대장균군(n=5),"43,600",1개월마다 1회 이상,
식품,특수용도식품,맞춤형영양조제식품,영·유아용 특수조제식품,세균수(n=5),"43,600",1개월마다 1회 이상,
식품,특수용도식품,맞춤형영양조제식품,영·유아용 특수조제식품,타르색소(정성),"40,700",1개월마다 1회 이상,
식품,특수용도식품,영·유아용이유식,영·유아용이유식,바실러스 세레우스(n=5),"225,700",1개월마다 1회 이상,멸균제품은 제외
식품,특수용도식품,영·유아용이유식,영·유아용이유식,대장균군(n=5),"43,600",1개월마다 1회 이상,멸균제품은 제외
식품,특수용도식품,영·유아용이유식,영·유아용이유식,세균수(n=5),"43,600",1개월마다 1회 이상,분말제품은 제외
식품,특수용도식품,영·유아용이유식,영·유아용이유식,크로노박터(n=5),"38,300",1개월마다 1회 이상,"영·유아용 제품에 한하며, 멸균제품은 제외"
식품,특수용도식품,영·유아용이유식,영·유아용이유식,타르색소(정성),"40,700",1개월마다 1회 이상,
식품,특수용도식품,영·유아용이유식,영·유아용이유식,삭카린나트륨,"43,000",1개월마다 1회 이상,
축산물,특수영양식품,조제유류,영아용 조제유(매월 1회 이상),수분,"8,000",1개월마다 1회 이상,액상제품 제외
축산물,특수영양식품,조제유류,영아용 조제유(매월 1회 이상),삭카린나트륨,"43,000",1개월마다 1회 이상,
축산물,특수영양식품,조제유류,영아용 조제유(매월 1회 이상),허용외 타르색소,"14,400",1개월마다 1회 이상,
축산물,특수영양식품,조제유류,영아용 조제유(제품생산 단위별),대장균군(n=5),"43,600",1개월마다 1회 이상,멸균제품제외
축산물,특수영양식품,조제유류,영아용 조제유(제품생산 단위별),바실러스 세레우스(n=5),"225,700",1개월마다 1회 이상,멸균제품제외
축산물,특수영양식품,조제유류,영아용 조제유(제품생산 단위별),크로노박터(n=5),"38,300",1개월마다 1회 이상,멸균제품제외
축산물,특수영양식품,조제유류,영아용 조제유(제품생산 단위별),세균수(n=5),"43,600",1개월마다 1회 이상,유산균첨가제품제외
축산물,특수영양식품,조제유류,영아용 조제유(제품생산 단위별),리스테리아 모노사이토제네스(n=5),"64,900",1개월마다 1회 이상,
축산물,특수영양식품,조제유류,영아용 조제유(제품생산 단위별),살모넬라(n=5),"64,900",1개월마다 1회 이상,
식품,특수용도식품,영아용조제식,영아용조제식,바실러스 세레우스(n=5),"225,700",1개월마다 1회 이상,멸균제품은 제외
식품,특수용도식품,영아용조제식,영아용조제식,크로노박터(n=5),"38,300",1개월마다 1회 이상,멸균제품은 제외
식품,특수용도식품,영아용조제식,영아용조제식,대장균군(n=5),"43,600",1개월마다 1회 이상,멸균제품은 제외
식품,특수용도식품,영아용조제식,영아용조제식,세균수(n=5),"43,600",1개월마다 1회 이상,유산균 첨가제품은 제외
식품,특수용도식품,영아용조제식,영아용조제식,타르색소(정성),"40,700",1개월마다 1회 이상,
식품,특수용도식품,영아용조제식,영아용조제식,삭카린나트륨,"43,000",1개월마다 1회 이상,
식품,농산가공식품류,밀가루류,영양강화밀가루,회분(조회분),"8,600",3개월마다 1회 이상,
식품,식용유지류,식물성유지류,옥수수기름(옥배유),벤조피렌,"22,000",1개월마다 1회 이상,
식품,당류 및 잼류,올리고당류,올리고당,납,"76,700",3개월마다 1회 이상,
식품,당류 및 잼류,올리고당류,올리고당가공품,납,"76,700",3개월마다 1회 이상,
식품,식용유지류,식물성유지류,올리브유,벤조피렌,"22,000",1개월마다 1회 이상,
기구 및 용기,합성수지제,알데이드계,요소수지(UF),납(용출),"45,000",6개월마다 1회 이상,
기구 및 용기,합성수지제,알데이드계,요소수지(UF),총용출량(증발잔류물),"9,100",6개월마다 1회 이상,
기구 및 용기,합성수지제,알데이드계,요소수지(UF),페놀시험,"37,300",6개월마다 1회 이상,
기구 및 용기,합성수지제,알데이드계,요소수지(UF),포름알데히드,"52,300",6개월마다 1회 이상,
축산물,유가공품류,우유류,우유,대장균군(n=5),"43,600",1개월마다 1회 이상,멸균제품 제외
축산물,유가공품류,우유류,우유,리스테리아 모노사이토제네스(n=5),"64,900",1개월마다 1회 이상,
축산물,유가공품류,우유류,우유,산도,"10,200",1개월마다 1회 이상,
축산물,유가공품류,우유류,우유,살모넬라(n=5),"64,900",1개월마다 1회 이상,
축산물,유가공품류,우유류,우유,세균수(n=5),"43,600",1개월마다 1회 이상,
축산물,식용유지류,동물성유지류,원료돈지,산가,"17,400",1개월마다 1회 이상,
축산물,식용유지류,동물성유지류,원료돈지,산화방지제,"60,600",1개월마다 1회 이상,
축산물,식용유지류,동물성유지류,원료우지,산가,"17,400",1개월마다 1회 이상,
축산물,식용유지류,동물성유지류,원료우지,산화방지제,"60,600",1개월마다 1회 이상,
식품,"음료, 빙과, 유함유 가공품",두유류,원액두유,대장균군(n=5),"43,600",2개월마다 1회 이상,멸균제품은 제외
식품,"음료, 빙과, 유함유 가공품",두유류,원액두유,세균수(n=5),"43,600",2개월마다 1회 이상,
식품,주류,증류주류,위스키,알데히드,"23,400",6개월마다 1회 이상,
식품,주류,증류주류,위스키,메탄올,"23,400",6개월마다 1회 이상,
축산물,유가공품류,유단백가수분해식품,유단백가수분해식품,대장균군(n=5),"43,600",1개월마다 1회 이상,
축산물,유가공품류,유단백가수분해식품,유단백가수분해식품,리스테리아 모노사이토제네스(n=5),"64,900",1개월마다 1회 이상,
축산물,유가공품류,유단백가수분해식품,유단백가수분해식품,살모넬라(n=5),"64,900",1개월마다 1회 이상,
축산물,유가공품류,유단백가수분해식품,유단백가수분해식품,세균수(n=5),"43,600",1개월마다 1회 이상,
축산물,유가공품류,유단백가수분해식품,유단백가수분해식품,수분,"8,000",1개월마다 1회 이상,
축산물,유가공품류,유당,유당,대장균군(n=5),"43,600",1개월마다 1회 이상,
축산물,유가공품류,유당,유당,리스테리아 모노사이토제네스(n=5),"64,900",1개월마다 1회 이상,
축산물,유가공품류,유당,유당,살모넬라(n=5),"64,900",1개월마다 1회 이상,
축산물,유가공품류,유당,유당,세균수(n=5),"43,600",1개월마다 1회 이상,
축산물,유가공품류,유당,유당,수분,"8,000",1개월마다 1회 이상,
축산물,유가공품류,가공유류,유당분해우유,대장균군(n=5),"43,600",1개월마다 1회 이상,멸균제품 제외
축산물,유가공품류,가공유류,유당분해우유,세균수(n=5),"43,600",1개월마다 1회 이상,유산균 첨가제품 제외
축산물,유가공품류,가공유류,유당분해우유,리스테리아 모노사이토제네스(n=5),"64,900",1개월마다 1회 이상,
축산물,유가공품류,가공유류,유당분해우유,산도,"10,200",1개월마다 1회 이상,
축산물,유가공품류,가공유류,유당분해우유,살모넬라(n=5),"64,900",1개월마다 1회 이상,
기구 및 용기,"유리제,도자기제, 법랑 및 옹기류","유리제,도자기제, 법랑 및 옹기류",유리제,납(용출),"45,000",6개월마다 1회 이상,
기구 및 용기,"유리제,도자기제, 법랑 및 옹기류","유리제,도자기제, 법랑 및 옹기류",유리제,카드뮴,"45,000",6개월마다 1회 이상,
기구 및 용기,유리제중 가열조리용기구,유리제중 가열조리용기구,유리제중 가열조리용기구,열 충격 강도,"5,700",6개월마다 1회 이상,"직화용, 오븐용 전자레인지용, 열탕용"
식품,두부류 또는 묵류,두부류,유바,대장균군(n=5),"43,600",3개월마다 1회 이상,"충전, 밀봉한 제품에 한함"
식품,두부류 또는 묵류,두부류,유바,타르색소(정성),"40,700",3개월마다 1회 이상,
식품,"음료, 빙과, 유함유 가공품",발효음료류,유산균음료,세균수(n=5),"43,600",2개월마다 1회 이상,살균제품에 한함
식품,"음료, 빙과, 유함유 가공품",발효음료류,유산균음료,보존료,"43,000",2개월마다 1회 이상,
식품,"음료, 빙과, 유함유 가공품",발효음료류,유산균음료,대장균군(n=5),"43,600",2개월마다 1회 이상,
축산물,유가공품류,가공유류,유산균첨가우유,대장균군(n=5),"43,600",1개월마다 1회 이상,멸균제품 제외
축산물,유가공품류,가공유류,유산균첨가우유,리스테리아 모노사이토제네스(n=5),"64,900",1개월마다 1회 이상,
축산물,유가공품류,가공유류,유산균첨가우유,살모넬라(n=5),"64,900",1개월마다 1회 이상,
축산물,유가공품류,유청류,유청,대장균군(n=5),"43,600",1개월마다 1회 이상,멸균제품 제외
축산물,유가공품류,유청류,유청,리스테리아 모노사이토제네스(n=5),"64,900",1개월마다 1회 이상,
축산물,유가공품류,유청류,유청,살모넬라(n=5),"64,900",1개월마다 1회 이상,
축산물,유가공품류,유청류,유청,세균수(n=5),"43,600",1개월마다 1회 이상,
축산물,유가공품류,유청류,유청단백분말,대장균군(n=5),"43,600",1개월마다 1회 이상,
축산물,유가공품류,유청류,유청단백분말,리스테리아 모노사이토제네스(n=5),"64,900",1개월마다 1회 이상,
축산물,유가공품류,유청류,유청단백분말,살모넬라(n=5),"64,900",1개월마다 1회 이상,
축산물,유가공품류,유청류,유청단백분말,세균수(n=5),"43,600",1개월마다 1회 이상,
축산물,유가공품류,유크림류,유크림,대장균군(n=5),"43,600",1개월마다 1회 이상,
축산물,유가공품류,유크림류,유크림,리스테리아 모노사이토제네스(n=5),"64,900",1개월마다 1회 이상,
축산물,유가공품류,유크림류,유크림,산도,"10,200",1개월마다 1회 이상,
축산물,유가공품류,유크림류,유크림,살모넬라(n=5),"64,900",1개월마다 1회 이상,
축산물,유가공품류,유크림류,유크림,세균수(n=5),"43,600",1개월마다 1회 이상,
식품,"과자, 빵, 떡, 면, 코코아 가공, 초콜릿",면류,유탕면,대장균군(n=5),"43,600",3개월마다 1회 이상,살균제품에 한함
식품,"과자, 빵, 떡, 면, 코코아 가공, 초콜릿",면류,유탕면,대장균(n=5),"43,600",3개월마다 1회 이상,주정처리제품에 한함
식품,"과자, 빵, 떡, 면, 코코아 가공, 초콜릿",면류,유탕면,보존료,"43,000",3개월마다 1회 이상,
식품,"과자, 빵, 떡, 면, 코코아 가공, 초콜릿",면류,유탕면,타르색소(정성),"40,700",3개월마다 1회 이상,
식품,"음료, 빙과, 유함유 가공품",유함유가공품,유함유가공품,세균수(n=5),"43,600",2개월마다 1회 이상,멸균제품에 한함
식품,"음료, 빙과, 유함유 가공품",유함유가공품,유함유가공품,대장균(n=5),"43,600",2개월마다 1회 이상,비살균제품 중 그대로 섭취하는 제품에 한함
식품,"음료, 빙과, 유함유 가공품",유함유가공품,유함유가공품,대장균군(n=5),"43,600",2개월마다 1회 이상,살균제품에 한함
식품,"음료, 빙과, 유함유 가공품",유함유가공품,유함유가공품,황색포도상구균(n=5),"64,900",2개월마다 1회 이상,
식품,"음료, 빙과, 유함유 가공품",유함유가공품,유함유가공품,리스테리아 모노사이토제네스(n=5),"64,900",2개월마다 1회 이상,
식품,"음료, 빙과, 유함유 가공품",유함유가공품,유함유가공품,살모넬라(n=5),"64,900",2개월마다 1회 이상,
식품,"음료, 빙과, 유함유 가공품",기타음료,음료베이스,세균수(n=5),"43,600",2개월마다 1회 이상,"분말제품, 유산균 함유제품은 제외"
식품,"음료, 빙과, 유함유 가공품",기타음료,음료베이스,보존료,"43,000",2개월마다 1회 이상,
식품,"음료, 빙과, 유함유 가공품",기타음료,음료베이스,대장균군(n=5),"43,600",2개월마다 1회 이상,
식품,"음료, 빙과, 유함유 가공품",기타음료,음료베이스,카드뮴,"76,700",2개월마다 1회 이상,
식품,"음료, 빙과, 유함유 가공품",기타음료,음료베이스,납,"76,700",2개월마다 1회 이상,
기구 및 용기,합성수지제,아크릴계,이오노머 수지,납(용출),"45,000",6개월마다 1회 이상,
기구 및 용기,합성수지제,아크릴계,이오노머 수지,과망간산칼륨 소비량,"10,700",6개월마다 1회 이상,
기구 및 용기,합성수지제,아크릴계,이오노머 수지,총용출량(증발잔류물),"9,100",6개월마다 1회 이상,
식품,"음료, 빙과, 유함유 가공품",인삼·홍삼음료,인삼·홍삼음료,보존료,"43,000",2개월마다 1회 이상,
식품,"음료, 빙과, 유함유 가공품",인삼·홍삼음료,인삼·홍삼음료,대장균군(n=5),"43,600",2개월마다 1회 이상,
식품,"음료, 빙과, 유함유 가공품",인삼·홍삼음료,인삼·홍삼음료,세균수(n=5),"43,600",2개월마다 1회 이상,
식품,"음료, 빙과, 유함유 가공품",인삼·홍삼음료,인삼·홍삼음료,납,"76,700",2개월마다 1회 이상,
식품,"음료, 빙과, 유함유 가공품",인삼·홍삼음료,인삼·홍삼음료,타르색소(정성),"40,700",2개월마다 1회 이상,
식품,특수용도식품,표준형영양조제식품,일반 환자용 균형영양조제식품,바실러스 세레우스(n=5),"225,700",1개월마다 1회 이상,
식품,특수용도식품,표준형영양조제식품,일반 환자용 균형영양조제식품,대장균군(n=5),"43,600",1개월마다 1회 이상,
식품,특수용도식품,표준형영양조제식품,일반 환자용 균형영양조제식품,세균수(n=5),"43,600",1개월마다 1회 이상,
식품,특수용도식품,표준형영양조제식품,일반 환자용 균형영양조제식품,타르색소(정성),"40,700",1개월마다 1회 이상,
식품,주류,증류주류,일반증류주,알데히드,"23,400",6개월마다 1회 이상,
식품,주류,증류주류,일반증류주,메탄올,"23,400",6개월마다 1회 이상,
식품,특수용도식품,임산·수유부용식품,임산·수유부용식품,세균수(n=5),"43,600",1개월마다 1회 이상,액상제품에 한함
식품,특수용도식품,임산·수유부용식품,임산·수유부용식품,타르색소(정성),"40,700",1개월마다 1회 이상,
식품,특수용도식품,임산·수유부용식품,임산·수유부용식품,대장균군(n=5),"43,600",1개월마다 1회 이상,
식품,"동물성가공, 식육 및 알가공품",자라가공식품,자라분말,대장균군(n=5),"43,600",1개월마다 1회 이상,
식품,"동물성가공, 식육 및 알가공품",자라가공식품,자라분말,히드록시프롤린,"123,600",1개월마다 1회 이상,
식품,"동물성가공, 식육 및 알가공품",자라가공식품,자라분말,총질소 및 조단백질,"26,000",1개월마다 1회 이상,
식품,"동물성가공, 식육 및 알가공품",자라가공식품,자라분말제품,대장균군(n=5),"43,600",1개월마다 1회 이상,
식품,"동물성가공, 식육 및 알가공품",자라가공식품,자라분말제품,히드록시프롤린,"123,600",1개월마다 1회 이상,
식품,"동물성가공, 식육 및 알가공품",자라가공식품,자라분말제품,총질소 및 조단백질,"26,000",1개월마다 1회 이상,
식품,"동물성가공, 식육 및 알가공품",자라가공식품,자라유제품,대장균군(n=5),"43,600",1개월마다 1회 이상,
식품,"동물성가공, 식육 및 알가공품",자라가공식품,자라유제품,아라키돈산+에이코사펜타엔산,가격문의,1개월마다 1회 이상,
식품,"동물성가공, 식육 및 알가공품",자라가공식품,자라유제품,팔밑올레산,가격문의,1개월마다 1회 이상,
식품,"동물성가공, 식육 및 알가공품",자라가공식품,자라유제품,과산화물가,"17,400",1개월마다 1회 이상,
식품,"동물성가공, 식육 및 알가공품",자라가공식품,자라유제품,산가,"17,400",1개월마다 1회 이상,
축산물,유가공품류,치즈류,자연치즈,장출혈성 대장균(n=5),"64,900",1개월마다 1회 이상,비살균 원유로 만든 치즈에 한함
축산물,유가공품류,치즈류,자연치즈,클로스트리디움 퍼프린젠스(n=5),"40,200",1개월마다 1회 이상,비살균 원유로 만든 치즈에 한함
축산물,유가공품류,치즈류,자연치즈,대장균(n=5),"43,600",1개월마다 1회 이상,
축산물,유가공품류,치즈류,자연치즈,리스테리아 모노사이토제네스(n=5),"64,900",1개월마다 1회 이상,
축산물,유가공품류,치즈류,자연치즈,보존료,"43,000",1개월마다 1회 이상,
축산물,유가공품류,치즈류,자연치즈,살모넬라(n=5),"64,900",1개월마다 1회 이상,
축산물,유가공품류,치즈류,자연치즈,황색포도상구균(n=5),"64,900",1개월마다 1회 이상,
식품,특수용도식품,표준형영양조제식품,장질환자용 단백가수분해 영양조제식품,바실러스 세레우스(n=5),"225,700",1개월마다 1회 이상,
식품,특수용도식품,표준형영양조제식품,장질환자용 단백가수분해 영양조제식품,대장균군(n=5),"43,600",1개월마다 1회 이상,
식품,특수용도식품,표준형영양조제식품,장질환자용 단백가수분해 영양조제식품,세균수(n=5),"43,600",1개월마다 1회 이상,
식품,특수용도식품,표준형영양조제식품,장질환자용 단백가수분해 영양조제식품,타르색소(정성),"40,700",1개월마다 1회 이상,
식품,"장류, 절임, 조림, 조미식품류",식염,재제소금(재제조소금),카드뮴,"76,700",3개월마다 1회 이상,
식품,"장류, 절임, 조림, 조미식품류",식염,재제소금(재제조소금),납,"76,700",3개월마다 1회 이상,
식품,당류 및 잼류,잼류,잼,납,"76,700",3개월마다 1회 이상,
식품,당류 및 잼류,잼류,잼,보존료,"43,000",3개월마다 1회 이상,
식품,당류 및 잼류,잼류,잼,타르색소(정량),"70,100",3개월마다 1회 이상,
축산물,빙과류,아이스크림류,저지방아이스크림,세균수(n=5),"43,600",1개월마다 1회 이상,유산균 및 발효유 함유제품 제외
축산물,빙과류,아이스크림류,저지방아이스크림,대장균군(n=5),"43,600",1개월마다 1회 이상,
축산물,빙과류,아이스크림류,저지방아이스크림,리스테리아 모노사이토제네스(n=5),"64,900",1개월마다 1회 이상,
축산물,빙과류,아이스크림류,저지방아이스크림,살모넬라(n=5),"64,900",1개월마다 1회 이상,
축산물,빙과류,아이스크림믹스류,저지방아이스크림믹스,대장균군(n=5),"43,600",1개월마다 1회 이상,멸균제품 제외
축산물,빙과류,아이스크림믹스류,저지방아이스크림믹스,세균수(n=5),"43,600",1개월마다 1회 이상,유산균 또는 발효유 함유제품 제외
축산물,빙과류,아이스크림믹스류,저지방아이스크림믹스,리스테리아 모노사이토제네스(n=5),"64,900",1개월마다 1회 이상,
축산물,빙과류,아이스크림믹스류,저지방아이스크림믹스,살모넬라(n=5),"64,900",1개월마다 1회 이상,
축산물,알가공품류,알가공품,전란분(비살균제품),대장균군(n=5),"43,600",1개월마다 1회 이상,
축산물,알가공품류,알가공품,전란분(비살균제품),살모넬라(n=5),"64,900",1개월마다 1회 이상,
축산물,알가공품류,알가공품,전란분(비살균제품),세균수(n=5),"43,600",1개월마다 1회 이상,
축산물,알가공품류,알가공품,전란분(살·멸균제품 및 비살균제품 중 그대로 섭취하는 제품),대장균군(n=5),"43,600",1개월마다 1회 이상,
축산물,알가공품류,알가공품,전란분(살·멸균제품 및 비살균제품 중 그대로 섭취하는 제품),리스테리아 모노사이토제네스(n=5),"64,900",1개월마다 1회 이상,
축산물,알가공품류,알가공품,전란분(살·멸균제품 및 비살균제품 중 그대로 섭취하는 제품),살모넬라(n=5),"64,900",1개월마다 1회 이상,
축산물,알가공품류,알가공품,전란분(살·멸균제품 및 비살균제품 중 그대로 섭취하는 제품),세균수(n=5),"43,600",1개월마다 1회 이상,
축산물,알가공품류,알가공품,전란액(비살균제품),대장균군(n=5),"43,600",1개월마다 1회 이상,
축산물,알가공품류,알가공품,전란액(비살균제품),살모넬라(n=5),"64,900",1개월마다 1회 이상,
축산물,알가공품류,알가공품,전란액(비살균제품),세균수(n=5),"43,600",1개월마다 1회 이상,
축산물,알가공품류,알가공품,전란액(살·멸균제품 및 비살균제품 중 그대로 섭취하는 제품),대장균군(n=5),"43,600",1개월마다 1회 이상,
축산물,알가공품류,알가공품,전란액(살·멸균제품 및 비살균제품 중 그대로 섭취하는 제품),리스테리아 모노사이토제네스(n=5),"64,900",1개월마다 1회 이상,
축산물,알가공품류,알가공품,전란액(살·멸균제품 및 비살균제품 중 그대로 섭취하는 제품),살모넬라(n=5),"64,900",1개월마다 1회 이상,
축산물,알가공품류,알가공품,전란액(살·멸균제품 및 비살균제품 중 그대로 섭취하는 제품),세균수(n=5),"43,600",1개월마다 1회 이상,
식품,농산가공식품류,전분류,전분,회분(조회분),"8,600",3개월마다 1회 이상,
식품,농산가공식품류,전분류,전분가공품,세균수(n=5),"43,600",3개월마다 1회 이상,멸균제품에 한함
식품,농산가공식품류,전분류,전분가공품,대장균(n=5),"43,600",3개월마다 1회 이상,"비살균제품 중 더 이상 가공, 가열조리를 하지 않고 그대로 섭취하는 제품에 한함"
식품,농산가공식품류,전분류,전분가공품,대장균군(n=5),"43,600",3개월마다 1회 이상,살균제품에 한함
식품,농산가공식품류,전분류,전분가공품,이물,"10,000",3개월마다 1회 이상,
기구 및 용기,전분제,전분제,전분제,과망간산칼륨 소비량,"10,700",6개월마다 1회 이상,"다만, 비내수정 용기는 제외한다."
기구 및 용기,전분제,전분제,전분제,납(용출),"45,000",6개월마다 1회 이상,
기구 및 용기,전분제,전분제,전분제,카드뮴,"45,000",6개월마다 1회 이상,
기구 및 용기,전분제,전분제,전분제,수은,"15,100",6개월마다 1회 이상,
기구 및 용기,전분제,전분제,전분제,6가크롬,"33,200",6개월마다 1회 이상,
기구 및 용기,전분제,전분제,전분제,휘발성물질,"38,900",6개월마다 1회 이상,
기구 및 용기,전분제,전분제,전분제,납(용출),"45,000",6개월마다 1회 이상,
기구 및 용기,전분제,전분제,전분제,포름알데히드,"52,300",6개월마다 1회 이상,
기구 및 용기,전분제,전분제,전분제,형광증백제시험,"12,100",6개월마다 1회 이상,
축산물,유가공품류,분유류,전지분유,대장균군(n=5),"43,600",1개월마다 1회 이상,
축산물,유가공품류,분유류,전지분유,리스테리아 모노사이토제네스(n=5),"64,900",1개월마다 1회 이상,
축산물,유가공품류,분유류,전지분유,살모넬라(n=5),"64,900",1개월마다 1회 이상,
축산물,유가공품류,분유류,전지분유,세균수(n=5),"43,600",1개월마다 1회 이상,
축산물,유가공품류,분유류,전지분유,수분,"8,000",1개월마다 1회 이상,
식품,"장류, 절임, 조림, 조미식품류",절임류,절임식품,세균수(n=5),"43,600",3개월마다 1회 이상,멸균제품에 한함
식품,"장류, 절임, 조림, 조미식품류",절임류,절임식품,타르색소(정성),"40,700",3개월마다 1회 이상,밀봉 및 가열 살균 또는 멸균처리한 제품 제외
식품,"장류, 절임, 조림, 조미식품류",절임류,절임식품,대장균(n=5),"43,600",3개월마다 1회 이상,비살균제품에 한함
식품,"장류, 절임, 조림, 조미식품류",절임류,절임식품,대장균군(n=5),"43,600",3개월마다 1회 이상,살균제품에 한함
식품,"장류, 절임, 조림, 조미식품류",절임류,절임식품,보존료,"43,000",3개월마다 1회 이상,
식품,수산가공식품류,젓갈류,젓갈,타르색소(정성),"40,700",3개월마다 1회 이상,명란젓은 제외
식품,수산가공식품류,젓갈류,젓갈,보존료,"43,000",3개월마다 1회 이상,식염함량이 8 % 이하 제품에 한함
식품,수산가공식품류,젓갈류,젓갈,대장균(n=5),"43,600",3개월마다 1회 이상,
식품,"장류, 절임, 조림, 조미식품류",식염,정제소금,카드뮴,"76,700",3개월마다 1회 이상,
식품,"장류, 절임, 조림, 조미식품류",식염,정제소금,납,"76,700",3개월마다 1회 이상,
식품,"장류, 절임, 조림, 조미식품류",조림류,조림류,세균수(n=5),"43,600",3개월마다 1회 이상,멸균제품에 한함
식품,"장류, 절임, 조림, 조미식품류",조림류,조림류,대장균(n=5),"43,600",3개월마다 1회 이상,살균제품에 한함
식품,"장류, 절임, 조림, 조미식품류",조림류,조림류,보존료,"43,000",3개월마다 1회 이상,
식품,"장류, 절임, 조림, 조미식품류",조림류,조림류,타르색소(정성),"40,700",3개월마다 1회 이상,
식품,수산가공식품류,건포류,조미건어포,황색포도상구균(n=5),"64,900",3개월마다 1회 이상,
식품,수산가공식품류,건포류,조미건어포,대장균(n=5),"43,600",3개월마다 1회 이상,
식품,수산가공식품류,건포류,조미건어포,이산화황,"11,900",3개월마다 1회 이상,
식품,수산가공식품류,조미김,조미김,타르색소(정성),"40,700",3개월마다 1회 이상,
식품,수산가공식품류,조미김,조미김,산가,"17,400",3개월마다 1회 이상,
식품,수산가공식품류,젓갈류,조미액젓,보존료,"43,000",3개월마다 1회 이상,식염함량이 8 % 이하 제품에 한함
식품,수산가공식품류,젓갈류,조미액젓,타르색소(정성),"40,700",3개월마다 1회 이상,
식품,수산가공식품류,젓갈류,조미액젓,대장균군(n=5),"43,600",3개월마다 1회 이상,
식품,수산가공식품류,젓갈류,조미액젓,총질소 및 조단백질,"26,000",3개월마다 1회 이상,
기구 및 용기,종이제,종이제,종이제,PCBs,"114,800",6개월마다 1회 이상,"※ 식품과 직접 접촉하는 면에 식품용 왁스가 사용된 경우에는 규격을 적용하지 아니할 수 있음 
 ※ 합성수지제 또는 고무제 등이 사용된 경우에는 해당 재질의 잔류규격 적용"
기구 및 용기,종이제,종이제,종이제,납(용출),"45,000",6개월마다 1회 이상,
기구 및 용기,종이제,종이제,종이제,카드뮴,"45,000",6개월마다 1회 이상,
기구 및 용기,종이제,종이제,종이제,수은,"15,100",6개월마다 1회 이상,
기구 및 용기,종이제,종이제,종이제,6가크롬,"33,200",6개월마다 1회 이상,
기구 및 용기,종이제,종이제,종이제,비소,"36,000",6개월마다 1회 이상,
기구 및 용기,종이제,종이제,종이제,납(용출),"45,000",6개월마다 1회 이상,
기구 및 용기,종이제,종이제,종이제,포름알데히드,"52,300",6개월마다 1회 이상,
기구 및 용기,종이제,종이제,종이제,형광증백제시험,"12,100",6개월마다 1회 이상,
식품,주류,주정,주정,염화물,가격문의,6개월마다 1회 이상,
식품,주류,주정,주정,메탄올,"23,400",6개월마다 1회 이상,
식품,주류,주정,주정,알데히드,"23,400",6개월마다 1회 이상,
식품,"과자, 빵, 떡, 면, 코코아 가공, 초콜릿",초콜릿류,준초콜릿,세균수(n=5),"43,600",3개월마다 1회 이상,"밀봉한 제품에 한하며, 발효제품 또는 유산균 첨가제품은 제외"
식품,"과자, 빵, 떡, 면, 코코아 가공, 초콜릿",초콜릿류,준초콜릿,허용외 타르색소,"14,400",3개월마다 1회 이상,
식품,"과자, 빵, 떡, 면, 코코아 가공, 초콜릿",초콜릿류,준초콜릿,타르색소(정량),"70,100",3개월마다 1회 이상,
식품,즉석식품 및 장기보존식품,즉석섭취·편의식품류,즉석섭취식품,세균수(n=5),"43,600",3개월마다 1회 이상,멸균제품에 한함
식품,즉석식품 및 장기보존식품,즉석섭취·편의식품류,즉석섭취식품,장염비브리오(n=5),"64,900",3개월마다 1회 이상,살균 또는 멸균처리 되지 않은 해산물 함유 제품에 한함
식품,즉석식품 및 장기보존식품,즉석섭취·편의식품류,즉석섭취식품,리스테리아 모노사이토제네스(n=5),"64,900",3개월마다 1회 이상,
식품,즉석식품 및 장기보존식품,즉석섭취·편의식품류,즉석섭취식품,바실러스 세레우스(정량검사),"52,800",3개월마다 1회 이상,
식품,즉석식품 및 장기보존식품,즉석섭취·편의식품류,즉석섭취식품,살모넬라(n=5),"64,900",3개월마다 1회 이상,
식품,즉석식품 및 장기보존식품,즉석섭취·편의식품류,즉석섭취식품,황색포도상구균(n=5),"64,900",3개월마다 1회 이상,
식품,즉석식품 및 장기보존식품,즉석섭취·편의식품류,즉석섭취식품,대장균(n=5),"43,600",3개월마다 1회 이상,
식품,즉석식품 및 장기보존식품,즉석섭취·편의식품류,즉석조리식품,세균수(n=5),"43,600",3개월마다 1회 이상,멸균제품에 한함
식품,즉석식품 및 장기보존식품,즉석섭취·편의식품류,즉석조리식품,대장균(n=5),"43,600",3개월마다 1회 이상,"살균, 멸균제품 제외"
식품,즉석식품 및 장기보존식품,즉석섭취·편의식품류,즉석조리식품,대장균군(n=5),"43,600",3개월마다 1회 이상,살균제품에 한함
식품,즉석식품 및 장기보존식품,즉석섭취·편의식품류,즉석조리식품,살모넬라(n=5),"64,900",3개월마다 1회 이상,
식품,즉석식품 및 장기보존식품,즉석섭취·편의식품류,즉석조리식품,황색포도상구균(n=5),"64,900",3개월마다 1회 이상,
식품,농산가공식품류,찐쌀,찐쌀,납,"76,700",3개월마다 1회 이상,
식품,농산가공식품류,찐쌀,찐쌀,이산화황,"11,900",3개월마다 1회 이상,
식품,농산가공식품류,찐쌀,찐쌀,"총 아플라톡신(B1, B2, G1, G2의 합)","87,000",3개월마다 1회 이상,
식품,농산가공식품류,찐쌀,찐쌀,카드뮴,"76,700",1개월마다 1회 이상,
식품,식용유지류,식물성유지류,참기름,벤조피렌,"22,000",1개월마다 1회 이상,
식품,식용유지류,식물성유지류,채종유(유채유 또는 카놀라유),벤조피렌,"22,000",1개월마다 1회 이상,
축산물,식육가공품류 및 포장육,양념육류,천연케이싱(비살균제품),보존료,"43,000",1개월마다 1회 이상,
축산물,식육가공품류 및 포장육,양념육류,천연케이싱(비살균제품),허용외 타르색소,"14,400",1개월마다 1회 이상,
축산물,식육가공품류 및 포장육,양념육류,천연케이싱(살·멸균제품 및 비살균제품 중 그대로 섭취하는 제품),세균수(n=5),"43,600",1개월마다 1회 이상,멸균제품에 한함
축산물,식육가공품류 및 포장육,양념육류,천연케이싱(살·멸균제품 및 비살균제품 중 그대로 섭취하는 제품),대장균군(n=5),"43,600",1개월마다 1회 이상,살균제품에 한함
축산물,식육가공품류 및 포장육,양념육류,천연케이싱(살·멸균제품 및 비살균제품 중 그대로 섭취하는 제품),리스테리아 모노사이토제네스(n=5),"64,900",1개월마다 1회 이상,
축산물,식육가공품류 및 포장육,양념육류,천연케이싱(살·멸균제품 및 비살균제품 중 그대로 섭취하는 제품),보존료,"43,000",1개월마다 1회 이상,
축산물,식육가공품류 및 포장육,양념육류,천연케이싱(살·멸균제품 및 비살균제품 중 그대로 섭취하는 제품),살모넬라(n=5),"64,900",1개월마다 1회 이상,
축산물,식육가공품류 및 포장육,양념육류,천연케이싱(살·멸균제품 및 비살균제품 중 그대로 섭취하는 제품),허용외 타르색소,"14,400",1개월마다 1회 이상,
식품,"장류, 절임, 조림, 조미식품류",향신료가공품,천연향신료,곰팡이수,"16,100",3개월마다 1회 이상,고추 또는 고춧가루 함유제품에 한함
식품,"장류, 절임, 조림, 조미식품류",향신료가공품,천연향신료,타르색소(정성),"40,700",3개월마다 1회 이상,고추냉이가공품 또는 겨자가공품은 제외
식품,"장류, 절임, 조림, 조미식품류",향신료가공품,천연향신료,대장균(n=5),"43,600",3개월마다 1회 이상,살균제품 또는 건조제품은 제외
식품,"장류, 절임, 조림, 조미식품류",향신료가공품,천연향신료,대장균군(n=5),"43,600",3개월마다 1회 이상,살균제품에 한함
식품,"장류, 절임, 조림, 조미식품류",향신료가공품,천연향신료,위화물,"26,000",3개월마다 1회 이상,
식품,"장류, 절임, 조림, 조미식품류",장류,청국장,보존료,"43,000",3개월마다 1회 이상,
식품,"장류, 절임, 조림, 조미식품류",장류,청국장,타르색소(정성),"40,700",3개월마다 1회 이상,
식품,주류,발효주류,청주,메탄올,"23,400",6개월마다 1회 이상,
식품,특수용도식품,체중조절용조제식품,체중조절용조제식품,바실러스 세레우스(n=5),"225,700",1개월마다 1회 이상,
식품,특수용도식품,체중조절용조제식품,체중조절용조제식품,대장균군(n=5),"43,600",1개월마다 1회 이상,
식품,"과자, 빵, 떡, 면, 코코아 가공, 초콜릿",초콜릿류,초콜릿,세균수(n=5),"43,600",3개월마다 1회 이상,"밀봉한 제품에 한하며, 발효제품 또는 유산균 첨가제품은 제외"
식품,"과자, 빵, 떡, 면, 코코아 가공, 초콜릿",초콜릿류,초콜릿,허용외 타르색소,"14,400",3개월마다 1회 이상,
식품,"과자, 빵, 떡, 면, 코코아 가공, 초콜릿",초콜릿류,초콜릿,타르색소(정량),"70,100",3개월마다 1회 이상,
식품,"과자, 빵, 떡, 면, 코코아 가공, 초콜릿",초콜릿류,초콜릿가공품,세균수(n=5),"43,600",3개월마다 1회 이상,"밀봉한 제품에 한하며, 발효제품 또는 유산균 첨가제품은 제외"
식품,"과자, 빵, 떡, 면, 코코아 가공, 초콜릿",초콜릿류,초콜릿가공품,허용외 타르색소,"14,400",3개월마다 1회 이상,
식품,"과자, 빵, 떡, 면, 코코아 가공, 초콜릿",초콜릿류,초콜릿가공품,타르색소(정량),"70,100",3개월마다 1회 이상,
식품,"과자, 빵, 떡, 면, 코코아 가공, 초콜릿",과자류,추잉껌,산화방지제,"60,600",3개월마다 1회 이상,
식품,"과자, 빵, 떡, 면, 코코아 가공, 초콜릿",과자류,추잉껌,허용외 타르색소,"14,400",3개월마다 1회 이상,
식품,"과자, 빵, 떡, 면, 코코아 가공, 초콜릿",과자류,추잉껌,타르색소(정량),"70,100",3개월마다 1회 이상,
식품,"동물성가공, 식육 및 알가공품",추출가공식품,추출가공품,세균수(n=5),"43,600",3개월마다 1회 이상,그대로 섭취하는 액상제품에 한함
식품,"동물성가공, 식육 및 알가공품",추출가공식품,추출가공품,대장균군(n=5),"43,600",3개월마다 1회 이상,살균제품 또는 그대로 섭취하는 액상제품에 한함
식품,"동물성가공, 식육 및 알가공품",추출가공식품,추출가공품,대장균(n=5),"43,600",3개월마다 1회 이상,살균제품 또는 그대로 섭취하는 액상제품은 제외
식품,"동물성가공, 식육 및 알가공품",추출가공식품,추출가공품,타르색소(정성),"40,700",3개월마다 1회 이상,
식품,식용유지류,식물성유지류,추출들깨유,산화방지제,"60,600",2개월마다 1회 이상,
식품,식용유지류,식물성유지류,추출들깨유,벤조피렌,"22,000",2개월마다 1회 이상,
식품,식용유지류,식물성유지류,추출참깨유,벤조피렌,"22,000",1개월마다 1회 이상,
식품,"장류, 절임, 조림, 조미식품류",장류,춘장,보존료,"43,000",3개월마다 1회 이상,
식품,"장류, 절임, 조림, 조미식품류",장류,춘장,타르색소(정성),"40,700",3개월마다 1회 이상,
식품,"음료, 빙과, 유함유 가공품",다류,침출차,납,"76,700",3개월마다 1회 이상,
식품,"음료, 빙과, 유함유 가공품",다류,침출차,타르색소(정성),"40,700",3개월마다 1회 이상,
식품,"장류, 절임, 조림, 조미식품류",소스류,카레(커리),세균수(n=5),"43,600",1개월마다 1회 이상,멸균제품에 한함
식품,"장류, 절임, 조림, 조미식품류",소스류,카레(커리),대장균(n=5),"43,600",1개월마다 1회 이상,살균제품 제외
식품,"장류, 절임, 조림, 조미식품류",소스류,카레(커리),대장균군(n=5),"43,600",1개월마다 1회 이상,살균제품에 한함
식품,"장류, 절임, 조림, 조미식품류",소스류,카레(커리),타르색소(정성),"40,700",1개월마다 1회 이상,
식품,"장류, 절임, 조림, 조미식품류",소스류,카레(커리)분,타르색소(정성),"40,700",1개월마다 1회 이상,
식품,"과자, 빵, 떡, 면, 코코아 가공, 초콜릿",과자류,캔디류,"총 아플라톡신(B1, B2, G1, G2의 합)","87,000",3개월마다 1회 이상,땅콩 및 견과류를 함유한 식품에 한함
식품,"과자, 빵, 떡, 면, 코코아 가공, 초콜릿",과자류,캔디류,세균수(n=5),"43,600",3개월마다 1회 이상,"밀봉제품에 한하며, 발효제품 또는 유산균함유제품은 제외"
식품,"과자, 빵, 떡, 면, 코코아 가공, 초콜릿",과자류,캔디류,총산,"11,000",3개월마다 1회 이상,
식품,"과자, 빵, 떡, 면, 코코아 가공, 초콜릿",과자류,캔디류,납,"76,700",3개월마다 1회 이상,
식품,"과자, 빵, 떡, 면, 코코아 가공, 초콜릿",과자류,캔디류,허용외 타르색소,"14,400",3개월마다 1회 이상,
식품,"과자, 빵, 떡, 면, 코코아 가공, 초콜릿",과자류,캔디류,타르색소(정량),"70,100",3개월마다 1회 이상,
식품,"음료, 빙과, 유함유 가공품",커피,커피,대장균군(n=5),"43,600",3개월마다 1회 이상,"액상제품 중 더 이상 제조, 가공하지 않고 그대로 섭취하는 제품에 한함"
식품,"음료, 빙과, 유함유 가공품",커피,커피,세균수(n=5),"43,600",3개월마다 1회 이상,"액상제품 중 더 이상 제조, 가공하지 않고 그대로 섭취하는 제품에 한함"
식품,"음료, 빙과, 유함유 가공품",커피,커피,허용외 타르색소,"14,400",3개월마다 1회 이상,
식품,"음료, 빙과, 유함유 가공품",커피,커피,납,"76,700",3개월마다 1회 이상,
식품,"과자, 빵, 떡, 면, 코코아 가공, 초콜릿",코코아가공품류,코코아분말,납,"76,700",3개월마다 1회 이상,
식품,식용유지류,식물성유지류,콩기름(대두유),벤조피렌,"22,000",1개월마다 1회 이상,
축산물,유가공품류,발효유류,크림발효유,대장균군(n=5),"43,600",1개월마다 1회 이상,
축산물,유가공품류,발효유류,크림발효유,리스테리아 모노사이토제네스(n=5),"64,900",1개월마다 1회 이상,
축산물,유가공품류,발효유류,크림발효유,살모넬라(n=5),"64,900",1개월마다 1회 이상,
식품,주류,발효주류,탁주,보존료,"43,000",6개월마다 1회 이상,
식품,주류,발효주류,탁주,메탄올,"23,400",6개월마다 1회 이상,
식품,"음료, 빙과, 유함유 가공품",탄산음료류,탄산수,보존료,"43,000",2개월마다 1회 이상,
식품,"음료, 빙과, 유함유 가공품",탄산음료류,탄산수,대장균군(n=5),"43,600",2개월마다 1회 이상,
식품,"음료, 빙과, 유함유 가공품",탄산음료류,탄산수,세균수(n=5),"43,600",2개월마다 1회 이상,
식품,"음료, 빙과, 유함유 가공품",탄산음료류,탄산수,카드뮴,"76,700",2개월마다 1회 이상,
식품,"음료, 빙과, 유함유 가공품",탄산음료류,탄산수,납,"76,700",2개월마다 1회 이상,
식품,"음료, 빙과, 유함유 가공품",탄산음료류,탄산음료,보존료,"43,000",2개월마다 1회 이상,
식품,"음료, 빙과, 유함유 가공품",탄산음료류,탄산음료,대장균군(n=5),"43,600",2개월마다 1회 이상,
식품,"음료, 빙과, 유함유 가공품",탄산음료류,탄산음료,세균수(n=5),"43,600",2개월마다 1회 이상,
식품,"음료, 빙과, 유함유 가공품",탄산음료류,탄산음료,카드뮴,"76,700",2개월마다 1회 이상,
식품,"음료, 빙과, 유함유 가공품",탄산음료류,탄산음료,납,"76,700",2개월마다 1회 이상,
축산물,유가공품류,농축유류,탈지농축우유,대장균군(n=5),"43,600",1개월마다 1회 이상,멸균제품 제외
축산물,유가공품류,농축유류,탈지농축우유,리스테리아 모노사이토제네스(n=5),"64,900",1개월마다 1회 이상,
축산물,유가공품류,농축유류,탈지농축우유,살모넬라(n=5),"64,900",1개월마다 1회 이상,
축산물,유가공품류,농축유류,탈지농축우유,세균수(n=5),"43,600",1개월마다 1회 이상,
축산물,유가공품류,분유류,탈지분유,대장균군(n=5),"43,600",1개월마다 1회 이상,
축산물,유가공품류,분유류,탈지분유,리스테리아 모노사이토제네스(n=5),"64,900",1개월마다 1회 이상,
축산물,유가공품류,분유류,탈지분유,살모넬라(n=5),"64,900",1개월마다 1회 이상,
축산물,유가공품류,분유류,탈지분유,세균수(n=5),"43,600",1개월마다 1회 이상,
축산물,유가공품류,분유류,탈지분유,수분,"8,000",1개월마다 1회 이상,
식품,"장류, 절임, 조림, 조미식품류",식염,태움·용융소금,카드뮴,"76,700",3개월마다 1회 이상,
식품,"장류, 절임, 조림, 조미식품류",식염,태움·용융소금,납,"76,700",3개월마다 1회 이상,
식품,"장류, 절임, 조림, 조미식품류",소스류,토마토케첩,세균수(n=5),"43,600",1개월마다 1회 이상,멸균제품에 한함
식품,"장류, 절임, 조림, 조미식품류",소스류,토마토케첩,대장균(n=5),"43,600",1개월마다 1회 이상,비살균제품에 한함
식품,"장류, 절임, 조림, 조미식품류",소스류,토마토케첩,대장균군(n=5),"43,600",1개월마다 1회 이상,살균제품에 한함
식품,"장류, 절임, 조림, 조미식품류",소스류,토마토케첩,보존료,"43,000",1개월마다 1회 이상,
식품,"장류, 절임, 조림, 조미식품류",소스류,토마토케첩,허용외 타르색소,"14,400",1개월마다 1회 이상,
식품,즉석식품 및 장기보존식품,통·병조림,통조림,주석,"76,700",3개월마다 1회 이상,알루미늄 캔을 제외한 캔제품에 한함.
식품,즉석식품 및 장기보존식품,통·병조림,통조림,세균발육,"27,000",3개월마다 1회 이상,
축산물,통·병조림,통·병조림,통조림,주석,"76,700",1개월마다 1회 이상,알루미늄 캔을 제외한 캔제품에 한함
축산물,통·병조림,통·병조림,통조림,세균발육,"27,000",1개월마다 1회 이상,
식품,식용유지류,식물성유지류,팜유류,벤조피렌,"22,000",1개월마다 1회 이상,
기구 및 용기,합성수지제,알데이드계,페놀수지(PF),납(용출),"45,000",6개월마다 1회 이상,
기구 및 용기,합성수지제,알데이드계,페놀수지(PF),총용출량(증발잔류물),"9,100",6개월마다 1회 이상,
기구 및 용기,합성수지제,알데이드계,페놀수지(PF),페놀시험,"37,300",6개월마다 1회 이상,
기구 및 용기,합성수지제,알데이드계,페놀수지(PF),포름알데히드,"52,300",6개월마다 1회 이상,
식품,당류 및 잼류,포도당,포도당,납,"76,700",3개월마다 1회 이상,
축산물,식육가공품류 및 포장육,포장육,포장육,장출혈성 대장균(n=5),"64,900",1개월마다 1회 이상,분쇄에 한함
기구 및 용기,합성수지제,에스테르계,폴리락타이드(PLA)-전분을 함유하지 않은 경우,납(용출),"45,000",6개월마다 1회 이상,
기구 및 용기,합성수지제,에스테르계,폴리락타이드(PLA)-전분을 함유하지 않은 경우,과망간산칼륨 소비량,"10,700",6개월마다 1회 이상,
기구 및 용기,합성수지제,에스테르계,폴리락타이드(PLA)-전분을 함유하지 않은 경우,총용출량(증발잔류물),"9,100",6개월마다 1회 이상,
기구 및 용기,합성수지제,에스테르계,폴리락타이드(PLA)-전분을 함유한 경우,과망간산칼륨 소비량,"10,700",6개월마다 1회 이상,"다만, 비내수성 용기는 제외한다."
기구 및 용기,합성수지제,에스테르계,폴리락타이드(PLA)-전분을 함유한 경우,비소,"36,000",6개월마다 1회 이상,
기구 및 용기,합성수지제,에스테르계,폴리락타이드(PLA)-전분을 함유한 경우,납(용출),"45,000",6개월마다 1회 이상,
기구 및 용기,합성수지제,에스테르계,폴리락타이드(PLA)-전분을 함유한 경우,포름알데히드,"52,300",6개월마다 1회 이상,
기구 및 용기,합성수지제,에스테르계,폴리락타이드(PLA)-전분을 함유한 경우,형광증백제시험,"12,100",6개월마다 1회 이상,
기구 및 용기,합성수지제,스티렌계,폴리메타크릴스티렌(MS ),메틸메타크릴레이트,"28,300",6개월마다 1회 이상,메틸메타크릴레이트의 함유율이 50%이상인 합성수지제에 한함
기구 및 용기,합성수지제,스티렌계,폴리메타크릴스티렌(MS ),휘발성물질,"38,900",6개월마다 1회 이상,
기구 및 용기,합성수지제,스티렌계,폴리메타크릴스티렌(MS ),납(용출),"45,000",6개월마다 1회 이상,
기구 및 용기,합성수지제,스티렌계,폴리메타크릴스티렌(MS ),과망간산칼륨 소비량,"10,700",6개월마다 1회 이상,
기구 및 용기,합성수지제,스티렌계,폴리메타크릴스티렌(MS ),총용출량(증발잔류물),"9,100",6개월마다 1회 이상,
기구 및 용기,합성수지제,올레핀계,폴리메틸페텐(PMP),납(용출),"45,000",6개월마다 1회 이상,
기구 및 용기,합성수지제,올레핀계,폴리메틸페텐(PMP),과망간산칼륨 소비량,"10,700",6개월마다 1회 이상,
기구 및 용기,합성수지제,올레핀계,폴리메틸페텐(PMP),총용출량(증발잔류물),"9,100",6개월마다 1회 이상,
기구 및 용기,합성수지제,올레핀계,폴리메틸페텐(PMP),4-메틸-1-펜텐,가격문의,6개월마다 1회 이상,
기구 및 용기,합성수지제,올레핀계,폴리부텐(PB-1),납(용출),"45,000",6개월마다 1회 이상,
기구 및 용기,합성수지제,올레핀계,폴리부텐(PB-1),과망간산칼륨 소비량,"10,700",6개월마다 1회 이상,
기구 및 용기,합성수지제,올레핀계,폴리부텐(PB-1),총용출량(증발잔류물),"9,100",6개월마다 1회 이상,
기구 및 용기,합성수지제,에스테르계,폴리부틸렌아디페이트테레프탈레이트( PBAT),납(용출),"45,000",6개월마다 1회 이상,
기구 및 용기,합성수지제,에스테르계,폴리부틸렌아디페이트테레프탈레이트( PBAT),과망간산칼륨 소비량,"10,700",6개월마다 1회 이상,
기구 및 용기,합성수지제,에스테르계,폴리부틸렌아디페이트테레프탈레이트( PBAT),총용출량(증발잔류물),"9,100",6개월마다 1회 이상,
기구 및 용기,합성수지제,에스테르계,폴리부틸렌아디페이트테레프탈레이트( PBAT),테레프탈산 및 이소프탈산,"55,900",6개월마다 1회 이상,
기구 및 용기,합성수지제,에스테르계,폴리부틸렌아디페이트테레프탈레이트( PBAT),테레프탈산 및 이소프탈산,"55,900",6개월마다 1회 이상,
기구 및 용기,합성수지제,에스테르계,폴리부틸렌아디페이트테레프탈레이트( PBAT),"1,4-부탄디올","55,000",6개월마다 1회 이상,
기구 및 용기,합성수지제,에스테르계,폴리부틸렌테레프탈레이트(PBT),납(용출),"45,000",6개월마다 1회 이상,
기구 및 용기,합성수지제,에스테르계,폴리부틸렌테레프탈레이트(PBT),과망간산칼륨 소비량,"10,700",6개월마다 1회 이상,
기구 및 용기,합성수지제,에스테르계,폴리부틸렌테레프탈레이트(PBT),총용출량(증발잔류물),"9,100",6개월마다 1회 이상,
기구 및 용기,합성수지제,에스테르계,폴리부틸렌테레프탈레이트(PBT),테레프탈산 및 이소프탈산,"55,900",6개월마다 1회 이상,
기구 및 용기,합성수지제,에스테르계,폴리부틸렌테레프탈레이트(PBT),테레프탈산 및 이소프탈산,"55,900",6개월마다 1회 이상,
기구 및 용기,합성수지제,에스테르계,폴리부틸렌테레프탈레이트(PBT),"1,4-부탄디올","55,000",6개월마다 1회 이상,
기구 및 용기,합성수지제,올레핀계,폴리비닐알코올(PVA),납(용출),"45,000",6개월마다 1회 이상,
기구 및 용기,합성수지제,올레핀계,폴리비닐알코올(PVA),과망간산칼륨 소비량,"10,700",6개월마다 1회 이상,
기구 및 용기,합성수지제,올레핀계,폴리비닐알코올(PVA),총용출량(증발잔류물),"9,100",6개월마다 1회 이상,
기구 및 용기,합성수지제,올레핀계,폴리비닐알코올(PVA),비닐아세테이트,"24,800",6개월마다 1회 이상,
기구 및 용기,합성수지제,스티렌계,폴리스티렌(PS),휘발성물질,"38,900",6개월마다 1회 이상,
기구 및 용기,합성수지제,스티렌계,폴리스티렌(PS),납(용출),"45,000",6개월마다 1회 이상,
기구 및 용기,합성수지제,스티렌계,폴리스티렌(PS),과망간산칼륨 소비량,"10,700",6개월마다 1회 이상,
기구 및 용기,합성수지제,스티렌계,폴리스티렌(PS),총용출량(증발잔류물),"9,100",6개월마다 1회 이상,
기구 및 용기,합성수지제,에스테르계,"폴리시클로헥산-1,4-디메틸렌테레프탈레이트(PCT)",납(용출),"45,000",6개월마다 1회 이상,
기구 및 용기,합성수지제,에스테르계,"폴리시클로헥산-1,4-디메틸렌테레프탈레이트(PCT)",과망간산칼륨 소비량,"10,700",6개월마다 1회 이상,
기구 및 용기,합성수지제,에스테르계,"폴리시클로헥산-1,4-디메틸렌테레프탈레이트(PCT)",총용출량(증발잔류물),"9,100",6개월마다 1회 이상,
기구 및 용기,합성수지제,에스테르계,"폴리시클로헥산-1,4-디메틸렌테레프탈레이트(PCT)",안티몬,"29,800",6개월마다 1회 이상,
기구 및 용기,합성수지제,에스테르계,"폴리시클로헥산-1,4-디메틸렌테레프탈레이트(PCT)",테레프탈산 및 이소프탈산,"55,900",6개월마다 1회 이상,
기구 및 용기,합성수지제,에스테르계,"폴리시클로헥산-1,4-디메틸렌테레프탈레이트(PCT)",테레프탈산 및 이소프탈산,"55,900",6개월마다 1회 이상,
기구 및 용기,합성수지제,에스테르계,폴리아릴레이트(PAR),납(용출),"45,000",6개월마다 1회 이상,
기구 및 용기,합성수지제,에스테르계,폴리아릴레이트(PAR),과망간산칼륨 소비량,"10,700",6개월마다 1회 이상,
기구 및 용기,합성수지제,에스테르계,폴리아릴레이트(PAR),총용출량(증발잔류물),"9,100",6개월마다 1회 이상,
기구 및 용기,합성수지제,에스테르계,폴리아릴레이트(PAR),안티몬,"29,800",6개월마다 1회 이상,
기구 및 용기,합성수지제,에스테르계,폴리아릴레이트(PAR),테레프탈산 및 이소프탈산,"55,900",6개월마다 1회 이상,
기구 및 용기,합성수지제,에스테르계,폴리아릴레이트(PAR),테레프탈산 및 이소프탈산,"55,900",6개월마다 1회 이상,
기구 및 용기,합성수지제,에스테르계,폴리아릴레이트(PAR),비스페놀 A(페놀 및 p-터셔리부틸페놀 포함),"59,500",6개월마다 1회 이상,
기구 및 용기,합성수지제,에테르계,폴리아릴설폰(PASF),납(용출),"45,000",6개월마다 1회 이상,
기구 및 용기,합성수지제,에테르계,폴리아릴설폰(PASF),과망간산칼륨 소비량,"10,700",6개월마다 1회 이상,
기구 및 용기,합성수지제,에테르계,폴리아릴설폰(PASF),총용출량(증발잔류물),"9,100",6개월마다 1회 이상,
기구 및 용기,합성수지제,에테르계,폴리아릴설폰(PASF),비스페놀 A(페놀 및 p-터셔리부틸페놀 포함),"59,500",6개월마다 1회 이상,
기구 및 용기,합성수지제,에테르계,폴리아릴설폰(PASF),"4,4’-디클로로디페닐설폰","51,800",6개월마다 1회 이상,
기구 및 용기,합성수지제,아민계,폴리아미드(PA),납(용출),"45,000",6개월마다 1회 이상,
기구 및 용기,합성수지제,아민계,폴리아미드(PA),과망간산칼륨 소비량,"10,700",6개월마다 1회 이상,
기구 및 용기,합성수지제,아민계,폴리아미드(PA),총용출량(증발잔류물),"9,100",6개월마다 1회 이상,
기구 및 용기,합성수지제,아민계,폴리아미드(PA),카프로락탐 및 라우로락탐,"34,700",6개월마다 1회 이상,
기구 및 용기,합성수지제,아민계,폴리아미드(PA),일차방향족아민,"33,700",6개월마다 1회 이상,
기구 및 용기,합성수지제,아민계,폴리아미드(PA),에틸렌디아민 및 헥사메틸렌디아민,"97,600",6개월마다 1회 이상,
기구 및 용기,합성수지제,아민계,폴리아미드(PA),헥사메틸렌아민,"97,600",6개월마다 1회 이상,
기구 및 용기,합성수지제,아민계,폴리아미드(PA),카프로락탐 및 라우로락탐,"34,700",6개월마다 1회 이상,
기구 및 용기,합성수지제,알데이드계,폴리아세탈(POM),납(용출),"45,000",6개월마다 1회 이상,
기구 및 용기,합성수지제,알데이드계,폴리아세탈(POM),과망간산칼륨 소비량,"10,700",6개월마다 1회 이상,
기구 및 용기,합성수지제,알데이드계,폴리아세탈(POM),총용출량(증발잔류물),"9,100",6개월마다 1회 이상,
기구 및 용기,합성수지제,알데이드계,폴리아세탈(POM),포름알데히드,"52,300",6개월마다 1회 이상,
기구 및 용기,합성수지제,아크릴계,폴리아크릴로니트릴(PAN),납(용출),"45,000",6개월마다 1회 이상,
기구 및 용기,합성수지제,아크릴계,폴리아크릴로니트릴(PAN),과망간산칼륨 소비량,"10,700",6개월마다 1회 이상,
기구 및 용기,합성수지제,아크릴계,폴리아크릴로니트릴(PAN),총용출량(증발잔류물),"9,100",6개월마다 1회 이상,
기구 및 용기,합성수지제,아크릴계,폴리아크릴로니트릴(PAN),아크릴로니트릴,"64,500",6개월마다 1회 이상,
기구 및 용기,합성수지제,에테르계,폴리에테르설폰(PES),납(용출),"45,000",6개월마다 1회 이상,
기구 및 용기,합성수지제,에테르계,폴리에테르설폰(PES),과망간산칼륨 소비량,"10,700",6개월마다 1회 이상,
기구 및 용기,합성수지제,에테르계,폴리에테르설폰(PES),총용출량(증발잔류물),"9,100",6개월마다 1회 이상,
기구 및 용기,합성수지제,에테르계,폴리에테르설폰(PES),"4,4’-디클로로디페닐설폰","51,800",6개월마다 1회 이상,
기구 및 용기,합성수지제,에테르계,폴리에테르설폰(PES),"4,4‘-디히드록시디페닐설폰","64,400",6개월마다 1회 이상,
기구 및 용기,합성수지제,에테르계,폴리에테르에테르케톤(PEEK),납(용출),"45,000",6개월마다 1회 이상,
기구 및 용기,합성수지제,에테르계,폴리에테르에테르케톤(PEEK),과망간산칼륨 소비량,"10,700",6개월마다 1회 이상,
기구 및 용기,합성수지제,에테르계,폴리에테르에테르케톤(PEEK),총용출량(증발잔류물),"9,100",6개월마다 1회 이상,
기구 및 용기,합성수지제,에테르계,폴리에테르에테르케톤(PEEK),일차방향족아민,"33,700",6개월마다 1회 이상,
기구 및 용기,합성수지제,올레핀계,폴리에틸렌(PE),1-옥텐 및 1-헥센,"36,800",6개월마다 1회 이상,(폴리에틸렌에 한한다)
기구 및 용기,합성수지제,올레핀계,폴리에틸렌(PE),납(용출),"45,000",6개월마다 1회 이상,
기구 및 용기,합성수지제,올레핀계,폴리에틸렌(PE),과망간산칼륨 소비량,"10,700",6개월마다 1회 이상,
기구 및 용기,합성수지제,올레핀계,폴리에틸렌(PE),총용출량(증발잔류물),"9,100",6개월마다 1회 이상,
기구 및 용기,합성수지제,에스테르계,폴리에틸렌나프탈레이트(PEN),납(용출),"45,000",6개월마다 1회 이상,
기구 및 용기,합성수지제,에스테르계,폴리에틸렌나프탈레이트(PEN),과망간산칼륨 소비량,"10,700",6개월마다 1회 이상,
기구 및 용기,합성수지제,에스테르계,폴리에틸렌나프탈레이트(PEN),총용출량(증발잔류물),"9,100",6개월마다 1회 이상,
기구 및 용기,합성수지제,에스테르계,폴리에틸렌나프탈레이트(PEN),"2,6-디메틸나프탈렌디카르복실레이트",가격문의,6개월마다 1회 이상,
기구 및 용기,합성수지제,에스테르계,폴리에틸렌테레프탈레이트(PET),납(용출),"45,000",6개월마다 1회 이상,
기구 및 용기,합성수지제,에스테르계,폴리에틸렌테레프탈레이트(PET),과망간산칼륨 소비량,"10,700",6개월마다 1회 이상,
기구 및 용기,합성수지제,에스테르계,폴리에틸렌테레프탈레이트(PET),총용출량(증발잔류물),"9,100",6개월마다 1회 이상,
기구 및 용기,합성수지제,에스테르계,폴리에틸렌테레프탈레이트(PET),안티몬,"29,800",6개월마다 1회 이상,
기구 및 용기,합성수지제,에스테르계,폴리에틸렌테레프탈레이트(PET),게르마늄,"34,000",6개월마다 1회 이상,
기구 및 용기,합성수지제,에스테르계,폴리에틸렌테레프탈레이트(PET),테레프탈산 및 이소프탈산,"55,900",6개월마다 1회 이상,
기구 및 용기,합성수지제,에스테르계,폴리에틸렌테레프탈레이트(PET),아세트알데히드,"24,800",6개월마다 1회 이상,
기구 및 용기,합성수지제,에스테르계,폴리에틸렌테레프탈레이트(PET),테레프탈산 및 이소프탈산,"55,900",6개월마다 1회 이상,
기구 및 용기,합성수지제,염화비닐계,폴리염화비닐(PVC),염화비닐,"61,500",6개월마다 1회 이상,
기구 및 용기,합성수지제,염화비닐계,폴리염화비닐(PVC),디부틸주석화합물,"97,100",6개월마다 1회 이상,
기구 및 용기,합성수지제,염화비닐계,폴리염화비닐(PVC),크레졸인산에스테르,"81,200",6개월마다 1회 이상,
기구 및 용기,합성수지제,염화비닐계,폴리염화비닐(PVC),납(용출),"45,000",6개월마다 1회 이상,
기구 및 용기,합성수지제,염화비닐계,폴리염화비닐(PVC),과망간산칼륨 소비량,"10,700",6개월마다 1회 이상,
기구 및 용기,합성수지제,염화비닐계,폴리염화비닐(PVC),총용출량(증발잔류물),"9,100",6개월마다 1회 이상,
기구 및 용기,합성수지제,염화비닐계,폴리염화비닐(PVC),디부틸프탈레이트,"85,600",6개월마다 1회 이상,
기구 및 용기,합성수지제,염화비닐계,폴리염화비닐(PVC),벤질부틸프탈레이트,"85,600",6개월마다 1회 이상,
기구 및 용기,합성수지제,염화비닐계,폴리염화비닐(PVC),디에틸헥실프탈레이트,"85,600",6개월마다 1회 이상,
기구 및 용기,합성수지제,염화비닐계,폴리염화비닐(PVC),디-n-옥틸프랄레이트,"85,600",6개월마다 1회 이상,
기구 및 용기,합성수지제,염화비닐계,폴리염화비닐(PVC),디이소데실프탈레이트 및 디에틸헥실아디페이트,"85,600",6개월마다 1회 이상,
기구 및 용기,합성수지제,염화비닐계,폴리염화비닐(PVC),디에틸헥실프탈레이트,"85,600",6개월마다 1회 이상,
기구 및 용기,합성수지제,염화비닐계,폴리염화비닐리덴(PVDC),염화비닐리덴,"23,900",6개월마다 1회 이상,
기구 및 용기,합성수지제,염화비닐계,폴리염화비닐리덴(PVDC),납(용출),"45,000",6개월마다 1회 이상,
기구 및 용기,합성수지제,염화비닐계,폴리염화비닐리덴(PVDC),바륨,"39,300",6개월마다 1회 이상,
기구 및 용기,합성수지제,염화비닐계,폴리염화비닐리덴(PVDC),과망간산칼륨 소비량,"10,700",6개월마다 1회 이상,
기구 및 용기,합성수지제,염화비닐계,폴리염화비닐리덴(PVDC),총용출량(증발잔류물),"9,100",6개월마다 1회 이상,
기구 및 용기,합성수지제,아민계,폴리우레탄(PU ),납(용출),"45,000",6개월마다 1회 이상,
기구 및 용기,합성수지제,아민계,폴리우레탄(PU ),과망간산칼륨 소비량,"10,700",6개월마다 1회 이상,
기구 및 용기,합성수지제,아민계,폴리우레탄(PU ),총용출량(증발잔류물),"9,100",6개월마다 1회 이상,
기구 및 용기,합성수지제,아민계,폴리우레탄(PU ),이소시아네이트,"31,500",6개월마다 1회 이상,
기구 및 용기,합성수지제,아민계,폴리우레탄(PU ),"4,4‘-메틸렌디아닐린","33,700",6개월마다 1회 이상,
기구 및 용기,합성수지제,아민계,폴리이미드(PI),납(용출),"45,000",6개월마다 1회 이상,
기구 및 용기,합성수지제,아민계,폴리이미드(PI),과망간산칼륨 소비량,"10,700",6개월마다 1회 이상,
기구 및 용기,합성수지제,아민계,폴리이미드(PI),총용출량(증발잔류물),"9,100",6개월마다 1회 이상,
기구 및 용기,합성수지제,에스테르계,폴리카보네이트(PC),아민류,"33,500",6개월마다 1회 이상,
기구 및 용기,합성수지제,에스테르계,폴리카보네이트(PC),납(용출),"45,000",6개월마다 1회 이상,
기구 및 용기,합성수지제,에스테르계,폴리카보네이트(PC),과망간산칼륨 소비량,"10,700",6개월마다 1회 이상,
기구 및 용기,합성수지제,에스테르계,폴리카보네이트(PC),총용출량(증발잔류물),"9,100",6개월마다 1회 이상,
기구 및 용기,합성수지제,에스테르계,폴리카보네이트(PC),비스페놀 A(페놀 및 p-터셔리부틸페놀 포함),"59,500",6개월마다 1회 이상,
기구 및 용기,합성수지제,에스테르계,폴리카보네이트(PC),디페닐카보네이트,"63,400",6개월마다 1회 이상,
기구 및 용기,합성수지제,기타,폴리케톤(PK),납(용출),"45,000",6개월마다 1회 이상,
기구 및 용기,합성수지제,기타,폴리케톤(PK),과망간산칼륨 소비량,"10,700",6개월마다 1회 이상,
기구 및 용기,합성수지제,기타,폴리케톤(PK),총용출량(증발잔류물),"9,100",6개월마다 1회 이상,
기구 및 용기,합성수지제,에테르계,폴리페닐렌설파이드(PPS),납(용출),"45,000",6개월마다 1회 이상,
기구 및 용기,합성수지제,에테르계,폴리페닐렌설파이드(PPS),과망간산칼륨 소비량,"10,700",6개월마다 1회 이상,
기구 및 용기,합성수지제,에테르계,폴리페닐렌설파이드(PPS),총용출량(증발잔류물),"9,100",6개월마다 1회 이상,
기구 및 용기,합성수지제,에테르계,폴리페닐렌설파이드(PPS),"1,4-디클로로벤젠",가격문의,6개월마다 1회 이상,
기구 및 용기,합성수지제,에테르계,폴리페닐렌에테르(PPE),휘발성물질,"38,900",6개월마다 1회 이상,
기구 및 용기,합성수지제,에테르계,폴리페닐렌에테르(PPE),납(용출),"45,000",6개월마다 1회 이상,
기구 및 용기,합성수지제,에테르계,폴리페닐렌에테르(PPE),과망간산칼륨 소비량,"10,700",6개월마다 1회 이상,
기구 및 용기,합성수지제,에테르계,폴리페닐렌에테르(PPE),총용출량(증발잔류물),"9,100",6개월마다 1회 이상,
기구 및 용기,합성수지제,올레핀계,폴리프로필렌(PP),납(용출),"45,000",6개월마다 1회 이상,
기구 및 용기,합성수지제,올레핀계,폴리프로필렌(PP),과망간산칼륨 소비량,"10,700",6개월마다 1회 이상,
기구 및 용기,합성수지제,올레핀계,폴리프로필렌(PP),총용출량(증발잔류물),"9,100",6개월마다 1회 이상,
축산물,식육가공품류 및 포장육,햄류,프레스햄(살·멸균제품 및 비살균제품 중 그대로 섭취하는 제품),세균수(n=5),"43,600",1개월마다 1회 이상,멸균제품에 한함
축산물,식육가공품류 및 포장육,햄류,프레스햄(살·멸균제품 및 비살균제품 중 그대로 섭취하는 제품),대장균군(n=5),"43,600",1개월마다 1회 이상,살균제품에 한함
축산물,식육가공품류 및 포장육,햄류,프레스햄(살·멸균제품 및 비살균제품 중 그대로 섭취하는 제품),대장균(n=5),"43,600",1개월마다 1회 이상,생햄에 한함
축산물,식육가공품류 및 포장육,햄류,프레스햄(살·멸균제품 및 비살균제품 중 그대로 섭취하는 제품),리스테리아 모노사이토제네스(n=5),"64,900",1개월마다 1회 이상,
축산물,식육가공품류 및 포장육,햄류,프레스햄(살·멸균제품 및 비살균제품 중 그대로 섭취하는 제품),보존료,"43,000",1개월마다 1회 이상,
축산물,식육가공품류 및 포장육,햄류,프레스햄(살·멸균제품 및 비살균제품 중 그대로 섭취하는 제품),살모넬라(n=5),"64,900",1개월마다 1회 이상,
축산물,식육가공품류 및 포장육,햄류,프레스햄(살·멸균제품 및 비살균제품 중 그대로 섭취하는 제품),발색제(아질산이온),"26,500",1개월마다 1회 이상,
축산물,식육가공품류 및 포장육,햄류,프레스햄(살·멸균제품 및 비살균제품 중 그대로 섭취하는 제품),허용외 타르색소,"14,400",1개월마다 1회 이상,
축산물,알가공품류,알가공품,피단(비살균제품),대장균군(n=5),"43,600",1개월마다 1회 이상,
축산물,알가공품류,알가공품,피단(비살균제품),살모넬라(n=5),"64,900",1개월마다 1회 이상,
축산물,알가공품류,알가공품,피단(비살균제품),세균수(n=5),"43,600",1개월마다 1회 이상,
축산물,알가공품류,알가공품,피단(살·멸균제품 및 비살균제품 중 그대로 섭취하는 제품),대장균군(n=5),"43,600",1개월마다 1회 이상,
축산물,알가공품류,알가공품,피단(살·멸균제품 및 비살균제품 중 그대로 섭취하는 제품),리스테리아 모노사이토제네스(n=5),"64,900",1개월마다 1회 이상,
축산물,알가공품류,알가공품,피단(살·멸균제품 및 비살균제품 중 그대로 섭취하는 제품),살모넬라(n=5),"64,900",1개월마다 1회 이상,
축산물,알가공품류,알가공품,피단(살·멸균제품 및 비살균제품 중 그대로 섭취하는 제품),세균수(n=5),"43,600",1개월마다 1회 이상,
식품,"장류, 절임, 조림, 조미식품류",장류,한식간장,보존료,"43,000",3개월마다 1회 이상,
식품,"장류, 절임, 조림, 조미식품류",장류,한식간장,타르색소(정성),"40,700",3개월마다 1회 이상,
식품,"장류, 절임, 조림, 조미식품류",장류,한식된장,보존료,"43,000",3개월마다 1회 이상,
식품,"장류, 절임, 조림, 조미식품류",장류,한식된장,타르색소(정성),"40,700",3개월마다 1회 이상,
식품,"장류, 절임, 조림, 조미식품류",장류,한식메주,보존료,"43,000",3개월마다 1회 이상,
식품,"장류, 절임, 조림, 조미식품류",장류,한식메주,타르색소(정성),"40,700",3개월마다 1회 이상,
식품,"장류, 절임, 조림, 조미식품류",장류,한식메주,"총 아플라톡신(B1, B2, G1, G2의 합)","87,000",3개월마다 1회 이상,
식품,수산가공식품류,한천,한천,붕산,"35,600",1개월마다 1회 이상,
식품,수산가공식품류,한천,한천,열탕불용해잔사물,"9,500",1개월마다 1회 이상,
기구 및 용기,합성수지제,합성수지제,합성수지제,납(용출),"45,000",6개월마다 1회 이상,
기구 및 용기,합성수지제,합성수지제,합성수지제,카드뮴,"45,000",6개월마다 1회 이상,
기구 및 용기,합성수지제,합성수지제,합성수지제,수은,"15,100",6개월마다 1회 이상,
기구 및 용기,합성수지제,합성수지제,합성수지제,6가크롬,"33,200",6개월마다 1회 이상,
식품,식용유지류,식물성유지류,해바라기씨유,벤조피렌,"22,000",1개월마다 1회 이상,
축산물,식육가공품류 및 포장육,햄류,"햄, 생햄, 프레스햄(비살균제품)",보존료,"43,000",1개월마다 1회 이상,
축산물,식육가공품류 및 포장육,햄류,"햄, 생햄, 프레스햄(비살균제품)",발색제(아질산이온),"26,500",1개월마다 1회 이상,
축산물,식육가공품류 및 포장육,햄류,"햄, 생햄, 프레스햄(비살균제품)",허용외 타르색소,"14,400",1개월마다 1회 이상,
축산물,식육가공품류 및 포장육,햄류,햄(살·멸균제품 및 비살균제품 중 그대로 섭취하는 제품),세균수(n=5),"43,600",1개월마다 1회 이상,멸균제품에 한함
축산물,식육가공품류 및 포장육,햄류,햄(살·멸균제품 및 비살균제품 중 그대로 섭취하는 제품),대장균군(n=5),"43,600",1개월마다 1회 이상,살균제품에 한함
축산물,식육가공품류 및 포장육,햄류,햄(살·멸균제품 및 비살균제품 중 그대로 섭취하는 제품),대장균(n=5),"43,600",1개월마다 1회 이상,생햄에 한함
축산물,식육가공품류 및 포장육,햄류,햄(살·멸균제품 및 비살균제품 중 그대로 섭취하는 제품),리스테리아 모노사이토제네스(n=5),"64,900",1개월마다 1회 이상,
축산물,식육가공품류 및 포장육,햄류,햄(살·멸균제품 및 비살균제품 중 그대로 섭취하는 제품),보존료,"43,000",1개월마다 1회 이상,
축산물,식육가공품류 및 포장육,햄류,햄(살·멸균제품 및 비살균제품 중 그대로 섭취하는 제품),살모넬라(n=5),"64,900",1개월마다 1회 이상,
축산물,식육가공품류 및 포장육,햄류,햄(살·멸균제품 및 비살균제품 중 그대로 섭취하는 제품),발색제(아질산이온),"26,500",1개월마다 1회 이상,
축산물,식육가공품류 및 포장육,햄류,햄(살·멸균제품 및 비살균제품 중 그대로 섭취하는 제품),허용외 타르색소,"14,400",1개월마다 1회 이상,
식품,식용유지류,식용유지가공품,향미유,타르색소(정성),"40,700",3개월마다 1회 이상,
식품,식용유지류,식용유지가공품,향미유,벤조피렌,"22,000",3개월마다 1회 이상,
식품,"장류, 절임, 조림, 조미식품류",향신료가공품,향신료조제품,곰팡이수,"16,100",3개월마다 1회 이상,고추 또는 고춧가루 함유제품에 한함
식품,"장류, 절임, 조림, 조미식품류",향신료가공품,향신료조제품,타르색소(정성),"40,700",3개월마다 1회 이상,고추냉이가공품 또는 겨자가공품은 제외
식품,"장류, 절임, 조림, 조미식품류",향신료가공품,향신료조제품,대장균(n=5),"43,600",3개월마다 1회 이상,살균제품 또는 건조제품은 제외
식품,"장류, 절임, 조림, 조미식품류",향신료가공품,향신료조제품,대장균군(n=5),"43,600",3개월마다 1회 이상,살균제품에 한함
식품,"장류, 절임, 조림, 조미식품류",장류,혼합간장,3-MCPD,"80,900",3개월마다 1회 이상,"산분해간장 또는 산분해간장 원액을 혼합하여 가공한 제품으로, 원료용 산분해간장의 자가품질검사가 적합한 경우 검사생략"
식품,"장류, 절임, 조림, 조미식품류",장류,혼합간장,보존료,"43,000",3개월마다 1회 이상,
식품,"장류, 절임, 조림, 조미식품류",장류,혼합간장,타르색소(정성),"40,700",3개월마다 1회 이상,
축산물,유가공품류,분유류,혼합분유,대장균군(n=5),"43,600",1개월마다 1회 이상,
축산물,유가공품류,분유류,혼합분유,리스테리아 모노사이토제네스(n=5),"64,900",1개월마다 1회 이상,
축산물,유가공품류,분유류,혼합분유,살모넬라(n=5),"64,900",1개월마다 1회 이상,
축산물,유가공품류,분유류,혼합분유,세균수(n=5),"43,600",1개월마다 1회 이상,
축산물,유가공품류,분유류,혼합분유,수분,"8,000",1개월마다 1회 이상,
축산물,식육가공품류 및 포장육,소시지류,혼합소시지(살·멸균제품 및 비살균제품 중 그대로 섭취하는 제품),세균수(n=5),"43,600",1개월마다 1회 이상,멸균제품에 한함
축산물,식육가공품류 및 포장육,소시지류,혼합소시지(살·멸균제품 및 비살균제품 중 그대로 섭취하는 제품),대장균(n=5),"43,600",1개월마다 1회 이상,발효소시지에 한함
축산물,식육가공품류 및 포장육,소시지류,혼합소시지(살·멸균제품 및 비살균제품 중 그대로 섭취하는 제품),대장균군(n=5),"43,600",1개월마다 1회 이상,살균제품에 한함
축산물,식육가공품류 및 포장육,소시지류,혼합소시지(살·멸균제품 및 비살균제품 중 그대로 섭취하는 제품),리스테리아 모노사이토제네스(n=5),"64,900",1개월마다 1회 이상,
축산물,식육가공품류 및 포장육,소시지류,혼합소시지(살·멸균제품 및 비살균제품 중 그대로 섭취하는 제품),보존료,"43,000",1개월마다 1회 이상,
축산물,식육가공품류 및 포장육,소시지류,혼합소시지(살·멸균제품 및 비살균제품 중 그대로 섭취하는 제품),살모넬라(n=5),"64,900",1개월마다 1회 이상,
축산물,식육가공품류 및 포장육,소시지류,혼합소시지(살·멸균제품 및 비살균제품 중 그대로 섭취하는 제품),발색제(아질산이온),"26,500",1개월마다 1회 이상,
축산물,식육가공품류 및 포장육,소시지류,혼합소시지(살·멸균제품 및 비살균제품 중 그대로 섭취하는 제품),장출혈성 대장균(n=5),"64,900",1개월마다 1회 이상,
식품,식용유지류,식용유지가공품,혼합식용유,산화방지제,"60,600",1개월마다 1회 이상,
식품,식용유지류,식용유지가공품,혼합식용유,벤조피렌,"22,000",1개월마다 1회 이상,
식품,"음료, 빙과, 유함유 가공품",기타음료,혼합음료,세균수(n=5),"43,600",2개월마다 1회 이상,"분말제품, 유산균 함유제품은 제외"
식품,"음료, 빙과, 유함유 가공품",기타음료,혼합음료,보존료,"43,000",2개월마다 1회 이상,
식품,"음료, 빙과, 유함유 가공품",기타음료,혼합음료,대장균군(n=5),"43,600",2개월마다 1회 이상,
식품,"음료, 빙과, 유함유 가공품",기타음료,혼합음료,카드뮴,"76,700",2개월마다 1회 이상,
식품,"음료, 빙과, 유함유 가공품",기타음료,혼합음료,납,"76,700",2개월마다 1회 이상,
식품,"장류, 절임, 조림, 조미식품류",장류,혼합장,대장균군(n=5),"43,600",3개월마다 1회 이상,살균제품에 한함
식품,"장류, 절임, 조림, 조미식품류",장류,혼합장,보존료,"43,000",3개월마다 1회 이상,
식품,"장류, 절임, 조림, 조미식품류",장류,혼합장,타르색소(정성),"40,700",3개월마다 1회 이상,
식품,식용유지류,식물성유지류,홍화유(사플라워유 또는 잇꽃유),벤조피렌,"22,000",1개월마다 1회 이상,
식품,벌꿀 및 화분가공품,화분가공식품,화분함유제품,대장균(n=5),"43,600",1개월마다 1회 이상,
식품,벌꿀 및 화분가공품,화분가공식품,화분함유제품,타르색소(정성),"40,700",1개월마다 1회 이상,
식품,벌꿀 및 화분가공품,화분가공식품,화분함유제품,총질소 및 조단백질,"26,000",1개월마다 1회 이상,
식품,"과자, 빵, 떡, 면, 코코아 가공, 초콜릿",초콜릿류,화이트초콜릿,세균수,720,3개월마다 1회 이상,"밀봉한 제품에 한하며, 발효제품 또는 유산균 첨가제품은 제외"
식품,"과자, 빵, 떡, 면, 코코아 가공, 초콜릿",초콜릿류,화이트초콜릿,허용외 타르색소,"14,400",3개월마다 1회 이상,
식품,"과자, 빵, 떡, 면, 코코아 가공, 초콜릿",초콜릿류,화이트초콜릿,타르색소(정량),"70,100",3개월마다 1회 이상,
축산물,유가공품류,우유류,환원유,대장균군(n=5),"43,600",1개월마다 1회 이상,멸균제품 제외
축산물,유가공품류,우유류,환원유,리스테리아 모노사이토제네스(n=5),"64,900",1개월마다 1회 이상,
축산물,유가공품류,우유류,환원유,산도,"10,200",1개월마다 1회 이상,
축산물,유가공품류,우유류,환원유,살모넬라(n=5),"64,900",1개월마다 1회 이상,
식품,효모 및 효소 등 기타 식품류,효모식품,효모식품,대장균(n=5),"43,600",1개월마다 1회 이상,
식품,"음료, 빙과, 유함유 가공품",발효음료류,효모음료,세균수(n=5),"43,600",2개월마다 1회 이상,살균제품에 한함
식품,"음료, 빙과, 유함유 가공품",발효음료류,효모음료,보존료,"43,000",2개월마다 1회 이상,
식품,"음료, 빙과, 유함유 가공품",발효음료류,효모음료,대장균군(n=5),"43,600",2개월마다 1회 이상,
식품,"장류, 절임, 조림, 조미식품류",장류,효소분해간장,보존료,"43,000",3개월마다 1회 이상,
식품,"장류, 절임, 조림, 조미식품류",장류,효소분해간장,타르색소(정성),"40,700",3개월마다 1회 이상,
식품,효모 및 효소 등 기타 식품류,효소식품,효소식품,대장균(n=5),"43,600",1개월마다 1회 이상,
식품,효모 및 효소 등 기타 식품류,효소식품,효소식품,프로테아제,"42,000",1개월마다 1회 이상,
식품,효모 및 효소 등 기타 식품류,효소식품,효소식품,α-아밀라아제,"42,000",1개월마다 1회 이상,
식품,효모 및 효소 등 기타 식품류,효소식품,효소식품,총질소 및 조단백질,"26,000",1개월마다 1회 이상,
식품,"장류, 절임, 조림, 조미식품류",식초,희석초산,보존료,"43,000",3개월마다 1회 이상,
식품,"장류, 절임, 조림, 조미식품류",식초,희석초산,타르색소(정성),"40,700",3개월마다 1회 이상,
식품,"장류, 절임, 조림, 조미식품류",식초,희석초산,총산,"11,000",3개월마다 1회 이상,
기구 및 용기,합성수지제,에스테르계,히드록시부틸폴리에스테르(HBP),납(용출),"45,000",6개월마다 1회 이상,
기구 및 용기,합성수지제,에스테르계,히드록시부틸폴리에스테르(HBP),과망간산칼륨 소비량,"10,700",6개월마다 1회 이상,
기구 및 용기,합성수지제,에스테르계,히드록시부틸폴리에스테르(HBP),총용출량(증발잔류물),"9,100",6개월마다 1회 이상,
기구 및 용기,합성수지제,에스테르계,히드록시안식향산폴리에스테르,납(용출),"45,000",6개월마다 1회 이상,
기구 및 용기,합성수지제,에스테르계,히드록시안식향산폴리에스테르,과망간산칼륨 소비량,"10,700",6개월마다 1회 이상,
기구 및 용기,합성수지제,에스테르계,히드록시안식향산폴리에스테르,총용출량(증발잔류물),"9,100",6개월마다 1회 이상,