Query	Top Result	Relevance	Error
식품의 기준 및 규격은 설정되어 있으나 자가품질검사 항목에 없는 것들은 검사하지 않아도 되는지?	"Q: 식품의 기준 및 규격은 설정되어 있으나 자가품질검사 항목에 없는 것들은 검사하지 않아도 되는지?
A: 자가품질검사는 영업자의 부담과 현실적 요건을 고려하여 정해진 위해규격 항목을 따릅니다. 「식품등의 자가품질 검사항목 지정」 고시에 명시되지 않은 항목에 대해서는 검사 의무가 없습니다. 그러나, 검사를 하지 않는 항목도 식품의 기준 및 규격에는 부합해야 합니다."	true	
식품의 기준 및 규격은 설정되어 있으나 자가품질검사 항목에 없는 것들은 검사하지 않아도 되는지?	"Q: 식품의 기준 및 규격은 설정되어 있으나 자가품질검사 항목에 없는 것들은 검사하지 않아도 되는지?
A: 자가품질검사는 영업자의 부담과 현실적 요건을 고려하여 정해진 위해규격 항목을 따릅니다. 「식품등의 자가품질 검사항목 지정」 고시에 명시되지 않은 항목에 대해서는 검사 의무가 없습니다. 그러나, 검사를 하지 않는 항목도 식품의 기준 및 규격에는 부합해야 합니다."	true	
식품의 기준 및 규격은 설정되어 있으나 자가품질검사 항목에 없는 것들은 검사하지 않아도 되는지?	"Q: 식품의 기준 및 규격은 설정되어 있으나 자가품질검사 항목에 없는 것들은 검사하지 않아도 되는지?
A: 자가품질검사는 영업자의 부담과 현실적 요건을 고려하여 정해진 위해규격 항목을 따릅니다. 「식품등의 자가품질 검사항목 지정」 고시에 명시되지 않은 항목에 대해서는 검사 의무가 없습니다. 그러나, 검사를 하지 않는 항목도 식품의 기준 및 규격에는 부합해야 합니다."	true	
판매용이 아닌 증정용 또는 이벤트 행사용 제품도 자가품질검사를 실시해야 하나요?	"Q: 판매용이 아닌 증정용 또는 이벤트 행사용 제품도 자가품질검사를 실시해야 하나요?
A: 자가품질검사는 판매 목적의 제조·가공 품목에 한해 요구되며, 이는 판매 외에도 불특정 다수에게 제공하는 경우를 포함합니다. 따라서 증정용이나 이벤트 행사용 제품 역시 자가품질검사를 실시해야 합니다"	true	
판매용이 아닌 증정용 또는 이벤트 행사용 제품도 자가품질검사를 실시해야 하나요?	"Q: 판매용이 아닌 증정용 또는 이벤트 행사용 제품도 자가품질검사를 실시해야 하나요?
A: 자가품질검사는 판매 목적의 제조·가공 품목에 한해 요구되며, 이는 판매 외에도 불특정 다수에게 제공하는 경우를 포함합니다. 따라서 증정용이나 이벤트 행사용 제품 역시 자가품질검사를 실시해야 합니다"	true	
판매용이 아닌 증정용 또는 이벤트 행사용 제품도 자가품질검사를 실시해야 하나요?	"Q: 판매용이 아닌 증정용 또는 이벤트 행사용 제품도 자가품질검사를 실시해야 하나요?
A: 자가품질검사는 판매 목적의 제조·가공 품목에 한해 요구되며, 이는 판매 외에도 불특정 다수에게 제공하는 경우를 포함합니다. 따라서 증정용이나 이벤트 행사용 제품 역시 자가품질검사를 실시해야 합니다"	true	
판매용이 아닌 증정용 또는 이벤트 행사용 제품도 자가품질검사를 실시해야 하나요?	"Q: 판매용이 아닌 증정용 또는 이벤트 행사용 제품도 자가품질검사를 실시해야 하나요?
A: 자가품질검사는 판매 목적의 제조·가공 품목에 한해 요구되며, 이는 판매 외에도 불특정 다수에게 제공하는 경우를 포함합니다. 따라서 증정용이나 이벤트 행사용 제품 역시 자가품질검사를 실시해야 합니다"	true	
즉석판매제조가공업을 위해 다른 두 장소에서 한시적으로 영업신고 후 동일한 제품을 제조 및 판매할 경우, 자가품질검사는 필요한가요?	"Q: 즉석판매제조가공업을 위해 다른 두 장소에서 한시적으로 영업신고 후 동일한 제품을 제조 및 판매할 경우, 자가품질검사는 필요한가요?
A: 즉석판매제조가공업에서 판매하는 모든 식품 유형이 자가품질검사 대상에 해당한다면, 한시적 영업지 여부와 관계없이 9개월마다 최소 한 번은 자가품질검사를 실시해야 합니다."	true	
즉석판매제조가공업을 위해 다른 두 장소에서 한시적으로 영업신고 후 동일한 제품을 제조 및 판매할 경우, 자가품질검사는 필요한가요?	"Q: 즉석판매제조가공업을 위해 다른 두 장소에서 한시적으로 영업신고 후 동일한 제품을 제조 및 판매할 경우, 자가품질검사는 필요한가요?
A: 즉석판매제조가공업에서 판매하는 모든 식품 유형이 자가품질검사 대상에 해당한다면, 한시적 영업지 여부와 관계없이 9개월마다 최소 한 번은 자가품질검사를 실시해야 합니다."	true	
즉석판매제조가공업을 위해 다른 두 장소에서 한시적으로 영업신고 후 동일한 제품을 제조 및 판매할 경우, 자가품질검사는 필요한가요?	"Q: 즉석판매제조가공업을 위해 다른 두 장소에서 한시적으로 영업신고 후 동일한 제품을 제조 및 판매할 경우, 자가품질검사는 필요한가요?
A: 즉석판매제조가공업에서 판매하는 모든 식품 유형이 자가품질검사 대상에 해당한다면, 한시적 영업지 여부와 관계없이 9개월마다 최소 한 번은 자가품질검사를 실시해야 합니다."	true	
즉석판매제조가공업을 위해 다른 두 장소에서 한시적으로 영업신고 후 동일한 제품을 제조 및 판매할 경우, 자가품질검사는 필요한가요?	"Q: 즉석판매제조가공업을 위해 다른 두 장소에서 한시적으로 영업신고 후 동일한 제품을 제조 및 판매할 경우, 자가품질검사는 필요한가요?
A: 즉석판매제조가공업에서 판매하는 모든 식품 유형이 자가품질검사 대상에 해당한다면, 한시적 영업지 여부와 관계없이 9개월마다 최소 한 번은 자가품질검사를 실시해야 합니다."	true	
식품제조가공업소에서 자신의 제품 제조에 사용하는 원료성 제품에 대해 품목제조보고를 한 경우, 자가품질검사 대상인가요?	"Q: 식품제조가공업소에서 자신의 제품 제조에 사용하는 원료성 제품에 대해 품목제조보고를 한 경우, 자가품질검사 대상인가요?
A: 자가품질검사는 판매 목적으로 제조되는 제품에 필요합니다. 따라서 품목제조보고된 제품이 판매용이 아니라 자사 제조 공정의 원료로만 사용된 경우, 자가품질검사 대상이 아닙니다."	true	
식품제조가공업소에서 자신의 제품 제조에 사용하는 원료성 제품에 대해 품목제조보고를 한 경우, 자가품질검사 대상인가요?	"Q: 식품제조가공업소에서 자신의 제품 제조에 사용하는 원료성 제품에 대해 품목제조보고를 한 경우, 자가품질검사 대상인가요?
A: 자가품질검사는 판매 목적으로 제조되는 제품에 필요합니다. 따라서 품목제조보고된 제품이 판매용이 아니라 자사 제조 공정의 원료로만 사용된 경우, 자가품질검사 대상이 아닙니다."	true	
식품제조가공업소에서 자신의 제품 제조에 사용하는 원료성 제품에 대해 품목제조보고를 한 경우, 자가품질검사 대상인가요?	"Q: 식품제조가공업소에서 자신의 제품 제조에 사용하는 원료성 제품에 대해 품목제조보고를 한 경우, 자가품질검사 대상인가요?
A: 자가품질검사는 판매 목적으로 제조되는 제품에 필요합니다. 따라서 품목제조보고된 제품이 판매용이 아니라 자사 제조 공정의 원료로만 사용된 경우, 자가품질검사 대상이 아닙니다."	true	
식품제조가공업소에서 자신의 제품 제조에 사용하는 원료성 제품에 대해 품목제조보고를 한 경우, 자가품질검사 대상인가요?	"Q: 식품제조가공업소에서 자신의 제품 제조에 사용하는 원료성 제품에 대해 품목제조보고를 한 경우, 자가품질검사 대상인가요?
A: 자가품질검사는 판매 목적으로 제조되는 제품에 필요합니다. 따라서 품목제조보고된 제품이 판매용이 아니라 자사 제조 공정의 원료로만 사용된 경우, 자가품질검사 대상이 아닙니다."	true	
식품제조가공업소에서 자신의 제품 제조에 사용하는 원료성 제품에 대해 품목제조보고를 한 경우, 자가품질검사 대상인가요?	"Q: 식품제조가공업소에서 자신의 제품 제조에 사용하는 원료성 제품에 대해 품목제조보고를 한 경우, 자가품질검사 대상인가요?
A: 자가품질검사는 판매 목적으로 제조되는 제품에 필요합니다. 따라서 품목제조보고된 제품이 판매용이 아니라 자사 제조 공정의 원료로만 사용된 경우, 자가품질검사 대상이 아닙니다."	true	
수출용 제품도 자가품질검사를 해야 하나요?	"Q: 수출용 제품도 자가품질검사를 해야 하나요?
A: 수출용 제품은 수출 대상국의 기준을 따르므로, 국내 자가품질검사 대상에서 제외됩니다. 하지만, 이러한 제품이 국내로 유통되지 않도록 철저히 관리해야 합니다"	true	
수출용 제품도 자가품질검사를 해야 하나요?	"Q: 수출용 제품도 자가품질검사를 해야 하나요?
A: 수출용 제품은 수출 대상국의 기준을 따르므로, 국내 자가품질검사 대상에서 제외됩니다. 하지만, 이러한 제품이 국내로 유통되지 않도록 철저히 관리해야 합니다"	true	
식품첨가물 혼합제제가 동일한 검사항목일 경우, 대표 품목만 검사 가능한가요?	"Q: 식품첨가물 혼합제제가 동일한 검사항목일 경우, 대표 품목만 검사 가능한가요?
A: 모든 식품첨가물 혼합제제가 동일한 검사항목을 가진 경우, 대표 품목을 선정해 검사할 수 있습니다. 그러나 원료 조합이 다른 제제는 각각 별도로 검사해야 합니다."	true	
식품첨가물 혼합제제가 동일한 검사항목일 경우, 대표 품목만 검사 가능한가요?	"Q: 식품첨가물 혼합제제가 동일한 검사항목일 경우, 대표 품목만 검사 가능한가요?
A: 모든 식품첨가물 혼합제제가 동일한 검사항목을 가진 경우, 대표 품목을 선정해 검사할 수 있습니다. 그러나 원료 조합이 다른 제제는 각각 별도로 검사해야 합니다."	true	
식품첨가물 혼합제제가 동일한 검사항목일 경우, 대표 품목만 검사 가능한가요?	"Q: 식품첨가물 혼합제제가 동일한 검사항목일 경우, 대표 품목만 검사 가능한가요?
A: 모든 식품첨가물 혼합제제가 동일한 검사항목을 가진 경우, 대표 품목을 선정해 검사할 수 있습니다. 그러나 원료 조합이 다른 제제는 각각 별도로 검사해야 합니다."	true	
식품첨가물 혼합제제가 동일한 검사항목일 경우, 대표 품목만 검사 가능한가요?	"Q: 식품첨가물 혼합제제가 동일한 검사항목일 경우, 대표 품목만 검사 가능한가요?
A: 모든 식품첨가물 혼합제제가 동일한 검사항목을 가진 경우, 대표 품목을 선정해 검사할 수 있습니다. 그러나 원료 조합이 다른 제제는 각각 별도로 검사해야 합니다."	true	
식품첨가물 혼합제제가 동일한 검사항목일 경우, 대표 품목만 검사 가능한가요?	"Q: 식품첨가물 혼합제제가 동일한 검사항목일 경우, 대표 품목만 검사 가능한가요?
A: 모든 식품첨가물 혼합제제가 동일한 검사항목을 가진 경우, 대표 품목을 선정해 검사할 수 있습니다. 그러나 원료 조합이 다른 제제는 각각 별도로 검사해야 합니다."	true	
"다른 제조업체에서 제조가공한 제품을 소분하여 포장하는 소분업의 경우 소분한 제품에
대하여 자가품질검사를 하여야 하는지? "	"Q: 다른 제조업체에서 제조가공한 제품을 소분하여 포장하는 소분업의 경우 소분한 제품에
대하여 자가품질검사를 하여야 하는지? 
A: 식품소분업자는 자가품질검사 대상에 포함되지 않아 검사 의무가 없습니다. 하지만, 소분한 제품은 반드시 ｢식품의 기준 및 규격｣을 충족해야 합니다."	true	
"다른 제조업체에서 제조가공한 제품을 소분하여 포장하는 소분업의 경우 소분한 제품에
대하여 자가품질검사를 하여야 하는지? "	"Q: 다른 제조업체에서 제조가공한 제품을 소분하여 포장하는 소분업의 경우 소분한 제품에
대하여 자가품질검사를 하여야 하는지? 
A: 식품소분업자는 자가품질검사 대상에 포함되지 않아 검사 의무가 없습니다. 하지만, 소분한 제품은 반드시 ｢식품의 기준 및 규격｣을 충족해야 합니다."	true	
"다른 제조업체에서 제조가공한 제품을 소분하여 포장하는 소분업의 경우 소분한 제품에
대하여 자가품질검사를 하여야 하는지? "	"Q: 다른 제조업체에서 제조가공한 제품을 소분하여 포장하는 소분업의 경우 소분한 제품에
대하여 자가품질검사를 하여야 하는지? 
A: 식품소분업자는 자가품질검사 대상에 포함되지 않아 검사 의무가 없습니다. 하지만, 소분한 제품은 반드시 ｢식품의 기준 및 규격｣을 충족해야 합니다."	true	
"다른 제조업체에서 제조가공한 제품을 소분하여 포장하는 소분업의 경우 소분한 제품에
대하여 자가품질검사를 하여야 하는지? "	"Q: 다른 제조업체에서 제조가공한 제품을 소분하여 포장하는 소분업의 경우 소분한 제품에
대하여 자가품질검사를 하여야 하는지? 
A: 식품소분업자는 자가품질검사 대상에 포함되지 않아 검사 의무가 없습니다. 하지만, 소분한 제품은 반드시 ｢식품의 기준 및 규격｣을 충족해야 합니다."	true	
제조 중단 후 검사 주기는 어떻게 적용되나요?	"Q: 제조 중단 후 검사 주기는 어떻게 적용되나요?
A: 검사주기가 3개월인 제품을 7월 29일 최초 검사를 실시하였다면 10월 29일에 제조･가공한 제품에 대하여 추가로 자가품질검사를 실시하여야 합니다.
다만, 10월 29일 이후(10월 29일 포함) 해당 제품의 생산이 없다면 해당 기간 동안 추가로 자가품질검사를 실시하지 않아도 되고, 10월 29일 이후 제조･가공한 첫 제품에 대하여 자가품질검사를 실시하여야 합니다.
"	true	
제조 중단 후 검사 주기는 어떻게 적용되나요?	"Q: 제조 중단 후 검사 주기는 어떻게 적용되나요?
A: 검사주기가 3개월인 제품을 7월 29일 최초 검사를 실시하였다면 10월 29일에 제조･가공한 제품에 대하여 추가로 자가품질검사를 실시하여야 합니다.
다만, 10월 29일 이후(10월 29일 포함) 해당 제품의 생산이 없다면 해당 기간 동안 추가로 자가품질검사를 실시하지 않아도 되고, 10월 29일 이후 제조･가공한 첫 제품에 대하여 자가품질검사를 실시하여야 합니다.
"	true	
제조 중단 후 검사 주기는 어떻게 적용되나요?	"Q: 제조 중단 후 검사 주기는 어떻게 적용되나요?
A: 검사주기가 3개월인 제품을 7월 29일 최초 검사를 실시하였다면 10월 29일에 제조･가공한 제품에 대하여 추가로 자가품질검사를 실시하여야 합니다.
다만, 10월 29일 이후(10월 29일 포함) 해당 제품의 생산이 없다면 해당 기간 동안 추가로 자가품질검사를 실시하지 않아도 되고, 10월 29일 이후 제조･가공한 첫 제품에 대하여 자가품질검사를 실시하여야 합니다.
"	true	
제조 중단 후 검사 주기는 어떻게 적용되나요?	"Q: 제조 중단 후 검사 주기는 어떻게 적용되나요?
A: 검사주기가 3개월인 제품을 7월 29일 최초 검사를 실시하였다면 10월 29일에 제조･가공한 제품에 대하여 추가로 자가품질검사를 실시하여야 합니다.
다만, 10월 29일 이후(10월 29일 포함) 해당 제품의 생산이 없다면 해당 기간 동안 추가로 자가품질검사를 실시하지 않아도 되고, 10월 29일 이후 제조･가공한 첫 제품에 대하여 자가품질검사를 실시하여야 합니다.
"	true	
자가품질검사 외 추가 검사에서 부적합이 발견된 경우 어떤 조치를 취해야 하나요?	"Q: 자가품질검사 외 추가 검사에서 부적합이 발견된 경우 어떤 조치를 취해야 하나요?
A: 자가품질검사에서 정한 항목이 아닌 경우라도 부적합 판정을 받은 경우 부적합식품긴급 통보시스템으로 우선 통보한 후 부적합 항목이 회수대상인 경우 유통 제품에 대하여 회수･폐기 등 조치하여야 함"	true	
자가품질검사 외 추가 검사에서 부적합이 발견된 경우 어떤 조치를 취해야 하나요?	"Q: 자가품질검사 외 추가 검사에서 부적합이 발견된 경우 어떤 조치를 취해야 하나요?
A: 자가품질검사에서 정한 항목이 아닌 경우라도 부적합 판정을 받은 경우 부적합식품긴급 통보시스템으로 우선 통보한 후 부적합 항목이 회수대상인 경우 유통 제품에 대하여 회수･폐기 등 조치하여야 함"	true	
자가품질검사 외 추가 검사에서 부적합이 발견된 경우 어떤 조치를 취해야 하나요?	"Q: 자가품질검사 외 추가 검사에서 부적합이 발견된 경우 어떤 조치를 취해야 하나요?
A: 자가품질검사에서 정한 항목이 아닌 경우라도 부적합 판정을 받은 경우 부적합식품긴급 통보시스템으로 우선 통보한 후 부적합 항목이 회수대상인 경우 유통 제품에 대하여 회수･폐기 등 조치하여야 함"	true	
자가품질검사 외 추가 검사에서 부적합이 발견된 경우 어떤 조치를 취해야 하나요?	"Q: 자가품질검사 외 추가 검사에서 부적합이 발견된 경우 어떤 조치를 취해야 하나요?
A: 자가품질검사에서 정한 항목이 아닌 경우라도 부적합 판정을 받은 경우 부적합식품긴급 통보시스템으로 우선 통보한 후 부적합 항목이 회수대상인 경우 유통 제품에 대하여 회수･폐기 등 조치하여야 함"	true	
자가품질검사 외 추가 검사에서 부적합이 발견된 경우 어떤 조치를 취해야 하나요?	"Q: 자가품질검사 외 추가 검사에서 부적합이 발견된 경우 어떤 조치를 취해야 하나요?
A: 자가품질검사에서 정한 항목이 아닌 경우라도 부적합 판정을 받은 경우 부적합식품긴급 통보시스템으로 우선 통보한 후 부적합 항목이 회수대상인 경우 유통 제품에 대하여 회수･폐기 등 조치하여야 함"	true	
자가품질검사 외 추가 검사에서 부적합이 발견된 경우 어떤 조치를 취해야 하나요?	"Q: 자가품질검사 외 추가 검사에서 부적합이 발견된 경우 어떤 조치를 취해야 하나요?
A: 자가품질검사에서 정한 항목이 아닌 경우라도 부적합 판정을 받은 경우 부적합식품긴급 통보시스템으로 우선 통보한 후 부적합 항목이 회수대상인 경우 유통 제품에 대하여 회수･폐기 등 조치하여야 함"	true	
식품등의 자가품질 검사항목 지정'에서 언급된 보존료는 어떤 것을 말하나요?	"Q: 식품등의 자가품질 검사항목 지정'에서 언급된 보존료는 어떤 것을 말하나요?
A: 「식품의 기준 및 규격」에 따르면, 보존료는 데히드로초산나트륨, 소브산 및 그 염류(칼륨, 칼슘), 안식향산 및 그 염류(나트륨, 칼륨), 파라옥시안식향산류(메틸, 에틸), 프로피온산 및 그 염류(나트륨, 칼슘)를 포함합니다. 이들은 식품의 보존을 돕는 물질로 지정되어 있습니다."	true	
식품등의 자가품질 검사항목 지정'에서 언급된 보존료는 어떤 것을 말하나요?	"Q: 식품등의 자가품질 검사항목 지정'에서 언급된 보존료는 어떤 것을 말하나요?
A: 「식품의 기준 및 규격」에 따르면, 보존료는 데히드로초산나트륨, 소브산 및 그 염류(칼륨, 칼슘), 안식향산 및 그 염류(나트륨, 칼륨), 파라옥시안식향산류(메틸, 에틸), 프로피온산 및 그 염류(나트륨, 칼슘)를 포함합니다. 이들은 식품의 보존을 돕는 물질로 지정되어 있습니다."	true	
식품등의 자가품질 검사항목 지정'에서 언급된 보존료는 어떤 것을 말하나요?	"Q: 식품등의 자가품질 검사항목 지정'에서 언급된 보존료는 어떤 것을 말하나요?
A: 「식품의 기준 및 규격」에 따르면, 보존료는 데히드로초산나트륨, 소브산 및 그 염류(칼륨, 칼슘), 안식향산 및 그 염류(나트륨, 칼륨), 파라옥시안식향산류(메틸, 에틸), 프로피온산 및 그 염류(나트륨, 칼슘)를 포함합니다. 이들은 식품의 보존을 돕는 물질로 지정되어 있습니다."	true	
식품등의 자가품질 검사항목 지정'에서 언급된 보존료는 어떤 것을 말하나요?	"Q: 식품등의 자가품질 검사항목 지정'에서 언급된 보존료는 어떤 것을 말하나요?
A: 「식품의 기준 및 규격」에 따르면, 보존료는 데히드로초산나트륨, 소브산 및 그 염류(칼륨, 칼슘), 안식향산 및 그 염류(나트륨, 칼륨), 파라옥시안식향산류(메틸, 에틸), 프로피온산 및 그 염류(나트륨, 칼슘)를 포함합니다. 이들은 식품의 보존을 돕는 물질로 지정되어 있습니다."	true	
식품등의 자가품질 검사항목 지정'에서 언급된 보존료는 어떤 것을 말하나요?	"Q: 식품등의 자가품질 검사항목 지정'에서 언급된 보존료는 어떤 것을 말하나요?
A: 「식품의 기준 및 규격」에 따르면, 보존료는 데히드로초산나트륨, 소브산 및 그 염류(칼륨, 칼슘), 안식향산 및 그 염류(나트륨, 칼륨), 파라옥시안식향산류(메틸, 에틸), 프로피온산 및 그 염류(나트륨, 칼슘)를 포함합니다. 이들은 식품의 보존을 돕는 물질로 지정되어 있습니다."	true	
식품등의 자가품질 검사항목 지정'에서 언급된 보존료는 어떤 것을 말하나요?	"Q: 식품등의 자가품질 검사항목 지정'에서 언급된 보존료는 어떤 것을 말하나요?
A: 「식품의 기준 및 규격」에 따르면, 보존료는 데히드로초산나트륨, 소브산 및 그 염류(칼륨, 칼슘), 안식향산 및 그 염류(나트륨, 칼륨), 파라옥시안식향산류(메틸, 에틸), 프로피온산 및 그 염류(나트륨, 칼슘)를 포함합니다. 이들은 식품의 보존을 돕는 물질로 지정되어 있습니다."	true	
자가품질검사를 일부 위탁하고 일부를 자체적으로 수행할 때, 모든 검사 결과를 LIMS에 기록해야 하나요?	"Q: 자가품질검사를 일부 위탁하고 일부를 자체적으로 수행할 때, 모든 검사 결과를 LIMS에 기록해야 하나요?
A: 업체가 자체적으로 수행하는 검사항목의 결과만 통합실험실정보관리시스템(LIMS)에 기록 관리해야 합니다. 위탁한 검사 결과는 해당 기관에서 관리합니다."	true	
자가품질검사를 일부 위탁하고 일부를 자체적으로 수행할 때, 모든 검사 결과를 LIMS에 기록해야 하나요?	"Q: 자가품질검사를 일부 위탁하고 일부를 자체적으로 수행할 때, 모든 검사 결과를 LIMS에 기록해야 하나요?
A: 업체가 자체적으로 수행하는 검사항목의 결과만 통합실험실정보관리시스템(LIMS)에 기록 관리해야 합니다. 위탁한 검사 결과는 해당 기관에서 관리합니다."	true	
자가품질검사를 일부 위탁하고 일부를 자체적으로 수행할 때, 모든 검사 결과를 LIMS에 기록해야 하나요?	"Q: 자가품질검사를 일부 위탁하고 일부를 자체적으로 수행할 때, 모든 검사 결과를 LIMS에 기록해야 하나요?
A: 업체가 자체적으로 수행하는 검사항목의 결과만 통합실험실정보관리시스템(LIMS)에 기록 관리해야 합니다. 위탁한 검사 결과는 해당 기관에서 관리합니다."	true	
자가품질검사를 일부 위탁하고 일부를 자체적으로 수행할 때, 모든 검사 결과를 LIMS에 기록해야 하나요?	"Q: 자가품질검사를 일부 위탁하고 일부를 자체적으로 수행할 때, 모든 검사 결과를 LIMS에 기록해야 하나요?
A: 업체가 자체적으로 수행하는 검사항목의 결과만 통합실험실정보관리시스템(LIMS)에 기록 관리해야 합니다. 위탁한 검사 결과는 해당 기관에서 관리합니다."	true	
자체 기록관리 시스템을 도입한 후 LIMS 관리 방법은 어떻게 되나요?	"Q: 자체 기록관리 시스템을 도입한 후 LIMS 관리 방법은 어떻게 되나요?
A: 자체 시스템을 도입한 경우 그 시스템을 사용하면서도 LIMS는 활성 상태를 유지해야 합니다. LIMS에 6개월 이상 로그인이 없으면 계정이 휴면 상태로 전환되므로, 자가품질검사 기록을 2년간 유효하게 보관하기 위해 주기적으로 접속해야 합니다."	true	
자체 기록관리 시스템을 도입한 후 LIMS 관리 방법은 어떻게 되나요?	"Q: 자체 기록관리 시스템을 도입한 후 LIMS 관리 방법은 어떻게 되나요?
A: 자체 시스템을 도입한 경우 그 시스템을 사용하면서도 LIMS는 활성 상태를 유지해야 합니다. LIMS에 6개월 이상 로그인이 없으면 계정이 휴면 상태로 전환되므로, 자가품질검사 기록을 2년간 유효하게 보관하기 위해 주기적으로 접속해야 합니다."	true	
자체 기록관리 시스템을 도입한 후 LIMS 관리 방법은 어떻게 되나요?	"Q: 자체 기록관리 시스템을 도입한 후 LIMS 관리 방법은 어떻게 되나요?
A: 자체 시스템을 도입한 경우 그 시스템을 사용하면서도 LIMS는 활성 상태를 유지해야 합니다. LIMS에 6개월 이상 로그인이 없으면 계정이 휴면 상태로 전환되므로, 자가품질검사 기록을 2년간 유효하게 보관하기 위해 주기적으로 접속해야 합니다."	true	
자체 기록관리 시스템을 도입한 후 LIMS 관리 방법은 어떻게 되나요?	"Q: 자체 기록관리 시스템을 도입한 후 LIMS 관리 방법은 어떻게 되나요?
A: 자체 시스템을 도입한 경우 그 시스템을 사용하면서도 LIMS는 활성 상태를 유지해야 합니다. LIMS에 6개월 이상 로그인이 없으면 계정이 휴면 상태로 전환되므로, 자가품질검사 기록을 2년간 유효하게 보관하기 위해 주기적으로 접속해야 합니다."	true	
자체 기록관리 시스템을 도입한 후 LIMS 관리 방법은 어떻게 되나요?	"Q: 자체 기록관리 시스템을 도입한 후 LIMS 관리 방법은 어떻게 되나요?
A: 자체 시스템을 도입한 경우 그 시스템을 사용하면서도 LIMS는 활성 상태를 유지해야 합니다. LIMS에 6개월 이상 로그인이 없으면 계정이 휴면 상태로 전환되므로, 자가품질검사 기록을 2년간 유효하게 보관하기 위해 주기적으로 접속해야 합니다."	true	
자체 기록관리 시스템을 도입한 후 LIMS 관리 방법은 어떻게 되나요?	"Q: 자체 기록관리 시스템을 도입한 후 LIMS 관리 방법은 어떻게 되나요?
A: 자체 시스템을 도입한 경우 그 시스템을 사용하면서도 LIMS는 활성 상태를 유지해야 합니다. LIMS에 6개월 이상 로그인이 없으면 계정이 휴면 상태로 전환되므로, 자가품질검사 기록을 2년간 유효하게 보관하기 위해 주기적으로 접속해야 합니다."	true	
동일한 검사항목을 가진, 제품명과 원재료명이 다른 수입식품 A와 B의 자가품질검사 방법은 어떻게 되나요?	"Q: 동일한 검사항목을 가진, 제품명과 원재료명이 다른 수입식품 A와 B의 자가품질검사 방법은 어떻게 되나요?
A: 만약 A와 B가 동일한 해외 제조업소에서 생산되어 동일한 식품유형으로 분류되면, 두 제품을 함께 식품유형별로 자가품질검사를 할 수 있습니다. 그러나 제조업소가 서로 다를 경우, 각 제품에 대해 별도의 검사가 필요합니다."	true	
동일한 검사항목을 가진, 제품명과 원재료명이 다른 수입식품 A와 B의 자가품질검사 방법은 어떻게 되나요?	"Q: 동일한 검사항목을 가진, 제품명과 원재료명이 다른 수입식품 A와 B의 자가품질검사 방법은 어떻게 되나요?
A: 만약 A와 B가 동일한 해외 제조업소에서 생산되어 동일한 식품유형으로 분류되면, 두 제품을 함께 식품유형별로 자가품질검사를 할 수 있습니다. 그러나 제조업소가 서로 다를 경우, 각 제품에 대해 별도의 검사가 필요합니다."	true	
동일한 검사항목을 가진, 제품명과 원재료명이 다른 수입식품 A와 B의 자가품질검사 방법은 어떻게 되나요?	"Q: 동일한 검사항목을 가진, 제품명과 원재료명이 다른 수입식품 A와 B의 자가품질검사 방법은 어떻게 되나요?
A: 만약 A와 B가 동일한 해외 제조업소에서 생산되어 동일한 식품유형으로 분류되면, 두 제품을 함께 식품유형별로 자가품질검사를 할 수 있습니다. 그러나 제조업소가 서로 다를 경우, 각 제품에 대해 별도의 검사가 필요합니다."	true	
동일한 검사항목을 가진, 제품명과 원재료명이 다른 수입식품 A와 B의 자가품질검사 방법은 어떻게 되나요?	"Q: 동일한 검사항목을 가진, 제품명과 원재료명이 다른 수입식품 A와 B의 자가품질검사 방법은 어떻게 되나요?
A: 만약 A와 B가 동일한 해외 제조업소에서 생산되어 동일한 식품유형으로 분류되면, 두 제품을 함께 식품유형별로 자가품질검사를 할 수 있습니다. 그러나 제조업소가 서로 다를 경우, 각 제품에 대해 별도의 검사가 필요합니다."	true	
수입한 반가공 원료식품을 8개월 후 다시 수입하는 경우, 자가품질검사는 필요한가요?	"Q: 수입한 반가공 원료식품을 8개월 후 다시 수입하는 경우, 자가품질검사는 필요한가요?
A: 관세법에 따라 발급된 신고필증이 있는 수입제품에 대하여 최초 수입 시 1회 자가품질검사를 실시한 후, 동일한 제품을 추가로 수입하더라도 6개월마다 자가품질검사를 반복적으로 실시해야 합니다. 
"	true	
수입한 반가공 원료식품을 8개월 후 다시 수입하는 경우, 자가품질검사는 필요한가요?	"Q: 수입한 반가공 원료식품을 8개월 후 다시 수입하는 경우, 자가품질검사는 필요한가요?
A: 관세법에 따라 발급된 신고필증이 있는 수입제품에 대하여 최초 수입 시 1회 자가품질검사를 실시한 후, 동일한 제품을 추가로 수입하더라도 6개월마다 자가품질검사를 반복적으로 실시해야 합니다. 
"	true	
수입한 반가공 원료식품을 8개월 후 다시 수입하는 경우, 자가품질검사는 필요한가요?	"Q: 수입한 반가공 원료식품을 8개월 후 다시 수입하는 경우, 자가품질검사는 필요한가요?
A: 관세법에 따라 발급된 신고필증이 있는 수입제품에 대하여 최초 수입 시 1회 자가품질검사를 실시한 후, 동일한 제품을 추가로 수입하더라도 6개월마다 자가품질검사를 반복적으로 실시해야 합니다. 
"	true	
수입한 반가공 원료식품을 8개월 후 다시 수입하는 경우, 자가품질검사는 필요한가요?	"Q: 수입한 반가공 원료식품을 8개월 후 다시 수입하는 경우, 자가품질검사는 필요한가요?
A: 관세법에 따라 발급된 신고필증이 있는 수입제품에 대하여 최초 수입 시 1회 자가품질검사를 실시한 후, 동일한 제품을 추가로 수입하더라도 6개월마다 자가품질검사를 반복적으로 실시해야 합니다. 
"	true	
절임류(단무지)를 업체에서 자가품질검사 전항목 미실시로 적발된 경우(동일한 검사항목을 적용받는 품목) 전체 품목을 정지해야 하나요, 아니면 대표 품목만 정지해야 하나요?	"Q: 절임류(단무지)를 업체에서 자가품질검사 전항목 미실시로 적발된 경우(동일한 검사항목을 적용받는 품목) 전체 품목을 정지해야 하나요, 아니면 대표 품목만 정지해야 하나요?
A: 식품위생법 제31조는 판매 목적의 각 제품에 대해 개별적으로 자가품질검사를 요구합니다. 그러나 식품공전에 따라, 같은 검사항목을 적용받는 여러 제품이 하나의 식품 유형에 속할 경우, 이들을 대표하는 단일 품목만 검사하여도 충분할 수 있습니다. 그러므로, 절임류 제품의 경우, 모든 품목이 동일한 검사항목을 받는다면 대표 품목만 선택하여 검사할 수 있으며, 이 대표 품목의 자가품질검사 미실시가 확인될 경우, 그 품목에 한해서만 품목제조정지 처분을 적용할 수 있습니다. 하지만, 만약 자가품질검사가 전혀 이루어지지 않았다면, 절임류에 속하는 모든 품목에 대해 제조정지 처분이 적용될 수 있습니다. 추가로, 자가품질검사 의무가 없는 특정 품목은 이러한 처분에서 제외될 수 있습니다."	true	
절임류(단무지)를 업체에서 자가품질검사 전항목 미실시로 적발된 경우(동일한 검사항목을 적용받는 품목) 전체 품목을 정지해야 하나요, 아니면 대표 품목만 정지해야 하나요?	"Q: 절임류(단무지)를 업체에서 자가품질검사 전항목 미실시로 적발된 경우(동일한 검사항목을 적용받는 품목) 전체 품목을 정지해야 하나요, 아니면 대표 품목만 정지해야 하나요?
A: 식품위생법 제31조는 판매 목적의 각 제품에 대해 개별적으로 자가품질검사를 요구합니다. 그러나 식품공전에 따라, 같은 검사항목을 적용받는 여러 제품이 하나의 식품 유형에 속할 경우, 이들을 대표하는 단일 품목만 검사하여도 충분할 수 있습니다. 그러므로, 절임류 제품의 경우, 모든 품목이 동일한 검사항목을 받는다면 대표 품목만 선택하여 검사할 수 있으며, 이 대표 품목의 자가품질검사 미실시가 확인될 경우, 그 품목에 한해서만 품목제조정지 처분을 적용할 수 있습니다. 하지만, 만약 자가품질검사가 전혀 이루어지지 않았다면, 절임류에 속하는 모든 품목에 대해 제조정지 처분이 적용될 수 있습니다. 추가로, 자가품질검사 의무가 없는 특정 품목은 이러한 처분에서 제외될 수 있습니다."	true	
절임류(단무지)를 업체에서 자가품질검사 전항목 미실시로 적발된 경우(동일한 검사항목을 적용받는 품목) 전체 품목을 정지해야 하나요, 아니면 대표 품목만 정지해야 하나요?	"Q: 절임류(단무지)를 업체에서 자가품질검사 전항목 미실시로 적발된 경우(동일한 검사항목을 적용받는 품목) 전체 품목을 정지해야 하나요, 아니면 대표 품목만 정지해야 하나요?
A: 식품위생법 제31조는 판매 목적의 각 제품에 대해 개별적으로 자가품질검사를 요구합니다. 그러나 식품공전에 따라, 같은 검사항목을 적용받는 여러 제품이 하나의 식품 유형에 속할 경우, 이들을 대표하는 단일 품목만 검사하여도 충분할 수 있습니다. 그러므로, 절임류 제품의 경우, 모든 품목이 동일한 검사항목을 받는다면 대표 품목만 선택하여 검사할 수 있으며, 이 대표 품목의 자가품질검사 미실시가 확인될 경우, 그 품목에 한해서만 품목제조정지 처분을 적용할 수 있습니다. 하지만, 만약 자가품질검사가 전혀 이루어지지 않았다면, 절임류에 속하는 모든 품목에 대해 제조정지 처분이 적용될 수 있습니다. 추가로, 자가품질검사 의무가 없는 특정 품목은 이러한 처분에서 제외될 수 있습니다."	true	
절임류(단무지)를 업체에서 자가품질검사 전항목 미실시로 적발된 경우(동일한 검사항목을 적용받는 품목) 전체 품목을 정지해야 하나요, 아니면 대표 품목만 정지해야 하나요?	"Q: 절임류(단무지)를 업체에서 자가품질검사 전항목 미실시로 적발된 경우(동일한 검사항목을 적용받는 품목) 전체 품목을 정지해야 하나요, 아니면 대표 품목만 정지해야 하나요?
A: 식품위생법 제31조는 판매 목적의 각 제품에 대해 개별적으로 자가품질검사를 요구합니다. 그러나 식품공전에 따라, 같은 검사항목을 적용받는 여러 제품이 하나의 식품 유형에 속할 경우, 이들을 대표하는 단일 품목만 검사하여도 충분할 수 있습니다. 그러므로, 절임류 제품의 경우, 모든 품목이 동일한 검사항목을 받는다면 대표 품목만 선택하여 검사할 수 있으며, 이 대표 품목의 자가품질검사 미실시가 확인될 경우, 그 품목에 한해서만 품목제조정지 처분을 적용할 수 있습니다. 하지만, 만약 자가품질검사가 전혀 이루어지지 않았다면, 절임류에 속하는 모든 품목에 대해 제조정지 처분이 적용될 수 있습니다. 추가로, 자가품질검사 의무가 없는 특정 품목은 이러한 처분에서 제외될 수 있습니다."	true	
절임류(단무지)를 업체에서 자가품질검사 전항목 미실시로 적발된 경우(동일한 검사항목을 적용받는 품목) 전체 품목을 정지해야 하나요, 아니면 대표 품목만 정지해야 하나요?	"Q: 절임류(단무지)를 업체에서 자가품질검사 전항목 미실시로 적발된 경우(동일한 검사항목을 적용받는 품목) 전체 품목을 정지해야 하나요, 아니면 대표 품목만 정지해야 하나요?
A: 식품위생법 제31조는 판매 목적의 각 제품에 대해 개별적으로 자가품질검사를 요구합니다. 그러나 식품공전에 따라, 같은 검사항목을 적용받는 여러 제품이 하나의 식품 유형에 속할 경우, 이들을 대표하는 단일 품목만 검사하여도 충분할 수 있습니다. 그러므로, 절임류 제품의 경우, 모든 품목이 동일한 검사항목을 받는다면 대표 품목만 선택하여 검사할 수 있으며, 이 대표 품목의 자가품질검사 미실시가 확인될 경우, 그 품목에 한해서만 품목제조정지 처분을 적용할 수 있습니다. 하지만, 만약 자가품질검사가 전혀 이루어지지 않았다면, 절임류에 속하는 모든 품목에 대해 제조정지 처분이 적용될 수 있습니다. 추가로, 자가품질검사 의무가 없는 특정 품목은 이러한 처분에서 제외될 수 있습니다."	true	
축산물 자가품질검사 주기의 적용 시점은 언제인가요?	"Q: 축산물 자가품질검사 주기의 적용 시점은 언제인가요?
A: 축산물가공품과 포장육은 제품 제조일을 기준으로, 식용란은 산란일을 기준으로 자가품질검사 주기가 적용됩니다.
"	true	
축산물가공품이나 포장육을 일정 기간 제조하지 않았을 경우, 자가품질검사 주기는 어떻게 적용되나요?	"Q: 축산물가공품이나 포장육을 일정 기간 제조하지 않았을 경우, 자가품질검사 주기는 어떻게 적용되나요?
A: 축산물가공품과 포장육의 자가품질검사 주기는 제품 제조일을 기준으로 산정됩니다. 따라서 일정 기간 동안 제품이 제조·가공되지 않았다면, 해당 기간 동안 자가품질검사를 실시하지 않아도 됩니다. 제품을 재생산하는 시점부터 자가품질검사를 시작하면 됩니다. 이 경우, 생산 및 작업일지와 원료수불 관계서류를 기록하여, 검사하지 않은 기간 동안 제품이 생산되지 않았음을 증빙할 수 있는 서류로 보관·제시해야 합니다."	true	
식용란수집판매업 영업자가 새로운 가축사육시설로부터 식용란을 수집하여 판매할 경우, 자가품질검사 주기는 어떻게 적용되나요?	"Q: 식용란수집판매업 영업자가 새로운 가축사육시설로부터 식용란을 수집하여 판매할 경우, 자가품질검사 주기는 어떻게 적용되나요?
A: 식용란의 자가품질검사 주기는 산란일을 기준으로 산정됩니다. 따라서 새로운 농장에서 수집한 경우, 최초 수집한 식용란의 산란일을 기준으로 6개월마다 최소 1회 검사를 실시하면 됩니다."	true	
식용란수집판매업 영업자가 새로운 가축사육시설로부터 식용란을 수집하여 판매할 경우, 자가품질검사 주기는 어떻게 적용되나요?	"Q: 식용란수집판매업 영업자가 새로운 가축사육시설로부터 식용란을 수집하여 판매할 경우, 자가품질검사 주기는 어떻게 적용되나요?
A: 식용란의 자가품질검사 주기는 산란일을 기준으로 산정됩니다. 따라서 새로운 농장에서 수집한 경우, 최초 수집한 식용란의 산란일을 기준으로 6개월마다 최소 1회 검사를 실시하면 됩니다."	true	
식용란수집판매업 영업자가 새로운 가축사육시설로부터 식용란을 수집하여 판매할 경우, 자가품질검사 주기는 어떻게 적용되나요?	"Q: 식용란수집판매업 영업자가 새로운 가축사육시설로부터 식용란을 수집하여 판매할 경우, 자가품질검사 주기는 어떻게 적용되나요?
A: 식용란의 자가품질검사 주기는 산란일을 기준으로 산정됩니다. 따라서 새로운 농장에서 수집한 경우, 최초 수집한 식용란의 산란일을 기준으로 6개월마다 최소 1회 검사를 실시하면 됩니다."	true	
식용란수집판매업 영업자가 새로운 가축사육시설로부터 식용란을 수집하여 판매할 경우, 자가품질검사 주기는 어떻게 적용되나요?	"Q: 식용란수집판매업 영업자가 새로운 가축사육시설로부터 식용란을 수집하여 판매할 경우, 자가품질검사 주기는 어떻게 적용되나요?
A: 식용란의 자가품질검사 주기는 산란일을 기준으로 산정됩니다. 따라서 새로운 농장에서 수집한 경우, 최초 수집한 식용란의 산란일을 기준으로 6개월마다 최소 1회 검사를 실시하면 됩니다."	true	
자체적으로 제품 검사를 실시할 때도 자가품질검사 주기를 준수해야 하나요?	"Q: 자체적으로 제품 검사를 실시할 때도 자가품질검사 주기를 준수해야 하나요?
A: 「축산물의 자가품질검사 규정」에 명시된 검사항목 외에 자체적으로 실시하는 검사는 「식품의 기준 및 규격」에 따라 영업자가 필요하다고 판단한 항목과 검사주기를 자율적으로 설정하여 진행할 수 있습니다."	true	
자체적으로 제품 검사를 실시할 때도 자가품질검사 주기를 준수해야 하나요?	"Q: 자체적으로 제품 검사를 실시할 때도 자가품질검사 주기를 준수해야 하나요?
A: 「축산물의 자가품질검사 규정」에 명시된 검사항목 외에 자체적으로 실시하는 검사는 「식품의 기준 및 규격」에 따라 영업자가 필요하다고 판단한 항목과 검사주기를 자율적으로 설정하여 진행할 수 있습니다."	true	
자체적으로 제품 검사를 실시할 때도 자가품질검사 주기를 준수해야 하나요?	"Q: 자체적으로 제품 검사를 실시할 때도 자가품질검사 주기를 준수해야 하나요?
A: 「축산물의 자가품질검사 규정」에 명시된 검사항목 외에 자체적으로 실시하는 검사는 「식품의 기준 및 규격」에 따라 영업자가 필요하다고 판단한 항목과 검사주기를 자율적으로 설정하여 진행할 수 있습니다."	true	
포장육은 유형별로 한 가지만 검사해도 되나요?	"Q: 포장육은 유형별로 한 가지만 검사해도 되나요?
A: 포장육은 품목제조보고된 각 품목별로 자가품질검사를 실시해야 합니다. 유형별로 한 가지만 검사해서는 안 됩니다."	true	
축산물 유형별로 자가품질검사를 실시할 수 있는 범위는 어떻게 되나요?	"Q: 축산물 유형별로 자가품질검사를 실시할 수 있는 범위는 어떻게 되나요?
A: 「식품의 기준 및 규격」에서 동일한 검사항목을 적용받는 축산물가공품이나 식육즉석판매가공업에서 생산하는 식육가공품은, 동일 유형 내에서 1개 이상의 품목을 선정하여 자가품질검사를 실시할 수 있습니다. 그러나 양념육처럼 살균제품과 비살균제품(그대로 섭취하지 않는 제품)을 동시에 생산하는 경우, 검사항목이 다르므로 각각 자가품질검사를 별도로 실시해야 합니다."	true	
축산물 유형별로 자가품질검사를 실시할 수 있는 범위는 어떻게 되나요?	"Q: 축산물 유형별로 자가품질검사를 실시할 수 있는 범위는 어떻게 되나요?
A: 「식품의 기준 및 규격」에서 동일한 검사항목을 적용받는 축산물가공품이나 식육즉석판매가공업에서 생산하는 식육가공품은, 동일 유형 내에서 1개 이상의 품목을 선정하여 자가품질검사를 실시할 수 있습니다. 그러나 양념육처럼 살균제품과 비살균제품(그대로 섭취하지 않는 제품)을 동시에 생산하는 경우, 검사항목이 다르므로 각각 자가품질검사를 별도로 실시해야 합니다."	true	
축산물 유형별로 자가품질검사를 실시할 수 있는 범위는 어떻게 되나요?	"Q: 축산물 유형별로 자가품질검사를 실시할 수 있는 범위는 어떻게 되나요?
A: 「식품의 기준 및 규격」에서 동일한 검사항목을 적용받는 축산물가공품이나 식육즉석판매가공업에서 생산하는 식육가공품은, 동일 유형 내에서 1개 이상의 품목을 선정하여 자가품질검사를 실시할 수 있습니다. 그러나 양념육처럼 살균제품과 비살균제품(그대로 섭취하지 않는 제품)을 동시에 생산하는 경우, 검사항목이 다르므로 각각 자가품질검사를 별도로 실시해야 합니다."	true	
축산물 유형별로 자가품질검사를 실시할 수 있는 범위는 어떻게 되나요?	"Q: 축산물 유형별로 자가품질검사를 실시할 수 있는 범위는 어떻게 되나요?
A: 「식품의 기준 및 규격」에서 동일한 검사항목을 적용받는 축산물가공품이나 식육즉석판매가공업에서 생산하는 식육가공품은, 동일 유형 내에서 1개 이상의 품목을 선정하여 자가품질검사를 실시할 수 있습니다. 그러나 양념육처럼 살균제품과 비살균제품(그대로 섭취하지 않는 제품)을 동시에 생산하는 경우, 검사항목이 다르므로 각각 자가품질검사를 별도로 실시해야 합니다."	true	
「식품의 기준 및 규격」에는 설정되어 있으나 자가품질검사 항목에 없는 것들은 검사를 하지 않아도 되나요?	"Q: 식품의 기준 및 규격은 설정되어 있으나 자가품질검사 항목에 없는 것들은 검사하지 않아도 되는지?
A: 자가품질검사는 영업자의 부담과 현실적 요건을 고려하여 정해진 위해규격 항목을 따릅니다. 「식품등의 자가품질 검사항목 지정」 고시에 명시되지 않은 항목에 대해서는 검사 의무가 없습니다. 그러나, 검사를 하지 않는 항목도 식품의 기준 및 규격에는 부합해야 합니다."	false	
「식품의 기준 및 규격」에는 설정되어 있으나 자가품질검사 항목에 없는 것들은 검사를 하지 않아도 되나요?	"Q: 식품의 기준 및 규격은 설정되어 있으나 자가품질검사 항목에 없는 것들은 검사하지 않아도 되는지?
A: 자가품질검사는 영업자의 부담과 현실적 요건을 고려하여 정해진 위해규격 항목을 따릅니다. 「식품등의 자가품질 검사항목 지정」 고시에 명시되지 않은 항목에 대해서는 검사 의무가 없습니다. 그러나, 검사를 하지 않는 항목도 식품의 기준 및 규격에는 부합해야 합니다."	false	
「식품의 기준 및 규격」에는 설정되어 있으나 자가품질검사 항목에 없는 것들은 검사를 하지 않아도 되나요?	"Q: 식품의 기준 및 규격은 설정되어 있으나 자가품질검사 항목에 없는 것들은 검사하지 않아도 되는지?
A: 자가품질검사는 영업자의 부담과 현실적 요건을 고려하여 정해진 위해규격 항목을 따릅니다. 「식품등의 자가품질 검사항목 지정」 고시에 명시되지 않은 항목에 대해서는 검사 의무가 없습니다. 그러나, 검사를 하지 않는 항목도 식품의 기준 및 규격에는 부합해야 합니다."	false	
「식품의 기준 및 규격」에는 설정되어 있으나 자가품질검사 항목에 없는 것들은 검사를 하지 않아도 되나요?	"Q: 식품의 기준 및 규격은 설정되어 있으나 자가품질검사 항목에 없는 것들은 검사하지 않아도 되는지?
A: 자가품질검사는 영업자의 부담과 현실적 요건을 고려하여 정해진 위해규격 항목을 따릅니다. 「식품등의 자가품질 검사항목 지정」 고시에 명시되지 않은 항목에 대해서는 검사 의무가 없습니다. 그러나, 검사를 하지 않는 항목도 식품의 기준 및 규격에는 부합해야 합니다."	false	
식용란 자가품질검사 항목 중 설파제에 해당하는 성분은 무엇인가요?	"Q: 식용란 자가품질검사 항목 중 설파제에 해당하는 성분은 무엇인가요?
A: 「식품의 기준 및 규격」에 따르면, Sulfonamides의 총합으로 잔류허용기준을 판정합니다. 해당 성분은 「식품의 기준 및 규격」 고시 제8.8.2.2.1에 따른 ""축산물 중 항균제 동시 다성분 분석법""으로 검사하는 15종의 Sulfonamides(설파구아니딘, 설파독신, 설파디메톡신, 설파디아진, 설파메라진, 설파메타진, 설파메톡사졸, 설파메톡시피리다진, 설파모노메톡신, 설파퀴녹살린, 설파클로르피리다진, 설파클로진, 설파티아졸, 설파페나졸, 설피속사졸)에 해당합니다."	true	
식용란 자가품질검사 항목 중 설파제에 해당하는 성분은 무엇인가요?	"Q: 식용란 자가품질검사 항목 중 설파제에 해당하는 성분은 무엇인가요?
A: 「식품의 기준 및 규격」에 따르면, Sulfonamides의 총합으로 잔류허용기준을 판정합니다. 해당 성분은 「식품의 기준 및 규격」 고시 제8.8.2.2.1에 따른 ""축산물 중 항균제 동시 다성분 분석법""으로 검사하는 15종의 Sulfonamides(설파구아니딘, 설파독신, 설파디메톡신, 설파디아진, 설파메라진, 설파메타진, 설파메톡사졸, 설파메톡시피리다진, 설파모노메톡신, 설파퀴녹살린, 설파클로르피리다진, 설파클로진, 설파티아졸, 설파페나졸, 설피속사졸)에 해당합니다."	true	
식용란 자가품질검사 항목 중 설파제에 해당하는 성분은 무엇인가요?	"Q: 식용란 자가품질검사 항목 중 설파제에 해당하는 성분은 무엇인가요?
A: 「식품의 기준 및 규격」에 따르면, Sulfonamides의 총합으로 잔류허용기준을 판정합니다. 해당 성분은 「식품의 기준 및 규격」 고시 제8.8.2.2.1에 따른 ""축산물 중 항균제 동시 다성분 분석법""으로 검사하는 15종의 Sulfonamides(설파구아니딘, 설파독신, 설파디메톡신, 설파디아진, 설파메라진, 설파메타진, 설파메톡사졸, 설파메톡시피리다진, 설파모노메톡신, 설파퀴녹살린, 설파클로르피리다진, 설파클로진, 설파티아졸, 설파페나졸, 설피속사졸)에 해당합니다."	true	
식용란 자가품질검사 항목 중 설파제에 해당하는 성분은 무엇인가요?	"Q: 식용란 자가품질검사 항목 중 설파제에 해당하는 성분은 무엇인가요?
A: 「식품의 기준 및 규격」에 따르면, Sulfonamides의 총합으로 잔류허용기준을 판정합니다. 해당 성분은 「식품의 기준 및 규격」 고시 제8.8.2.2.1에 따른 ""축산물 중 항균제 동시 다성분 분석법""으로 검사하는 15종의 Sulfonamides(설파구아니딘, 설파독신, 설파디메톡신, 설파디아진, 설파메라진, 설파메타진, 설파메톡사졸, 설파메톡시피리다진, 설파모노메톡신, 설파퀴녹살린, 설파클로르피리다진, 설파클로진, 설파티아졸, 설파페나졸, 설피속사졸)에 해당합니다."	true	
식용란 자가품질검사 항목 중 설파제에 해당하는 성분은 무엇인가요?	"Q: 식용란 자가품질검사 항목 중 설파제에 해당하는 성분은 무엇인가요?
A: 「식품의 기준 및 규격」에 따르면, Sulfonamides의 총합으로 잔류허용기준을 판정합니다. 해당 성분은 「식품의 기준 및 규격」 고시 제8.8.2.2.1에 따른 ""축산물 중 항균제 동시 다성분 분석법""으로 검사하는 15종의 Sulfonamides(설파구아니딘, 설파독신, 설파디메톡신, 설파디아진, 설파메라진, 설파메타진, 설파메톡사졸, 설파메톡시피리다진, 설파모노메톡신, 설파퀴녹살린, 설파클로르피리다진, 설파클로진, 설파티아졸, 설파페나졸, 설피속사졸)에 해당합니다."	true	
"「축산물의 자가품질검사 규정」에 따른 아질산이온, 타르색소, 보존료 검사항목이 있을 때, 제품 제조·가공 시 이를 사용하지 않았다면 검사를 생략해도 되나요?
"	"Q: 「축산물의 자가품질검사 규정」에 따른 아질산이온, 타르색소, 보존료 검사항목이 있을 때, 제품 제조·가공 시 이를 사용하지 않았다면 검사를 생략해도 되나요?

A: 축산물가공품 제조·가공 과정에서 특정 식품첨가물을 사용하지 않은 경우, 해당 항목의 검사를 생략할 수 있습니다. 그러나 이 경우, 품목제조보고서나 원료수불대장 등을 통해 해당 첨가물을 사용하지 않았음을 증명해야 합니다. 다만, 공무원이 수거·검사한 결과, 아질산이온, 타르색소, 보존료 등이 검출되거나 사용기준을 초과한 경우는 기준·규격 위반에 해당합니다. 따라서, 영업자는 자가품질검사 항목 외에도 「식품의 기준 및 규격」에 따른 일반 및 개별 기준규격을 준수하여 제품을 관리해야 합니다."	true	
"「축산물의 자가품질검사 규정」에 따른 아질산이온, 타르색소, 보존료 검사항목이 있을 때, 제품 제조·가공 시 이를 사용하지 않았다면 검사를 생략해도 되나요?
"	"Q: 「축산물의 자가품질검사 규정」에 따른 아질산이온, 타르색소, 보존료 검사항목이 있을 때, 제품 제조·가공 시 이를 사용하지 않았다면 검사를 생략해도 되나요?

A: 축산물가공품 제조·가공 과정에서 특정 식품첨가물을 사용하지 않은 경우, 해당 항목의 검사를 생략할 수 있습니다. 그러나 이 경우, 품목제조보고서나 원료수불대장 등을 통해 해당 첨가물을 사용하지 않았음을 증명해야 합니다. 다만, 공무원이 수거·검사한 결과, 아질산이온, 타르색소, 보존료 등이 검출되거나 사용기준을 초과한 경우는 기준·규격 위반에 해당합니다. 따라서, 영업자는 자가품질검사 항목 외에도 「식품의 기준 및 규격」에 따른 일반 및 개별 기준규격을 준수하여 제품을 관리해야 합니다."	true	
"「축산물의 자가품질검사 규정」에 따른 아질산이온, 타르색소, 보존료 검사항목이 있을 때, 제품 제조·가공 시 이를 사용하지 않았다면 검사를 생략해도 되나요?
"	"Q: 「축산물의 자가품질검사 규정」에 따른 아질산이온, 타르색소, 보존료 검사항목이 있을 때, 제품 제조·가공 시 이를 사용하지 않았다면 검사를 생략해도 되나요?

A: 축산물가공품 제조·가공 과정에서 특정 식품첨가물을 사용하지 않은 경우, 해당 항목의 검사를 생략할 수 있습니다. 그러나 이 경우, 품목제조보고서나 원료수불대장 등을 통해 해당 첨가물을 사용하지 않았음을 증명해야 합니다. 다만, 공무원이 수거·검사한 결과, 아질산이온, 타르색소, 보존료 등이 검출되거나 사용기준을 초과한 경우는 기준·규격 위반에 해당합니다. 따라서, 영업자는 자가품질검사 항목 외에도 「식품의 기준 및 규격」에 따른 일반 및 개별 기준규격을 준수하여 제품을 관리해야 합니다."	true	
"「축산물의 자가품질검사 규정」에 따른 아질산이온, 타르색소, 보존료 검사항목이 있을 때, 제품 제조·가공 시 이를 사용하지 않았다면 검사를 생략해도 되나요?
"	"Q: 「축산물의 자가품질검사 규정」에 따른 아질산이온, 타르색소, 보존료 검사항목이 있을 때, 제품 제조·가공 시 이를 사용하지 않았다면 검사를 생략해도 되나요?

A: 축산물가공품 제조·가공 과정에서 특정 식품첨가물을 사용하지 않은 경우, 해당 항목의 검사를 생략할 수 있습니다. 그러나 이 경우, 품목제조보고서나 원료수불대장 등을 통해 해당 첨가물을 사용하지 않았음을 증명해야 합니다. 다만, 공무원이 수거·검사한 결과, 아질산이온, 타르색소, 보존료 등이 검출되거나 사용기준을 초과한 경우는 기준·규격 위반에 해당합니다. 따라서, 영업자는 자가품질검사 항목 외에도 「식품의 기준 및 규격」에 따른 일반 및 개별 기준규격을 준수하여 제품을 관리해야 합니다."	true	
"「축산물의 자가품질검사 규정」에 따른 아질산이온, 타르색소, 보존료 검사항목이 있을 때, 제품 제조·가공 시 이를 사용하지 않았다면 검사를 생략해도 되나요?
"	"Q: 「축산물의 자가품질검사 규정」에 따른 아질산이온, 타르색소, 보존료 검사항목이 있을 때, 제품 제조·가공 시 이를 사용하지 않았다면 검사를 생략해도 되나요?

A: 축산물가공품 제조·가공 과정에서 특정 식품첨가물을 사용하지 않은 경우, 해당 항목의 검사를 생략할 수 있습니다. 그러나 이 경우, 품목제조보고서나 원료수불대장 등을 통해 해당 첨가물을 사용하지 않았음을 증명해야 합니다. 다만, 공무원이 수거·검사한 결과, 아질산이온, 타르색소, 보존료 등이 검출되거나 사용기준을 초과한 경우는 기준·규격 위반에 해당합니다. 따라서, 영업자는 자가품질검사 항목 외에도 「식품의 기준 및 규격」에 따른 일반 및 개별 기준규격을 준수하여 제품을 관리해야 합니다."	true	
축산물가공품 제조·가공 시 아질산이온, 타르색소, 보존료를 직접 사용하지 않았지만, 원료로 사용된 간장 등에 포함된 경우에도 검사를 해야 하나요?	"Q: 축산물가공품 제조·가공 시 아질산이온, 타르색소, 보존료를 직접 사용하지 않았지만, 원료로 사용된 간장 등에 포함된 경우에도 검사를 해야 하나요?
A: 축산물가공품 제조·가공 과정에서 특정 식품첨가물을 직접 사용하지 않은 경우, 해당 항목의 검사를 생략할 수 있습니다. 그러나, 원료로 사용된 간장 등에 해당 첨가물이 포함되어 있다면, 이를 고려해야 하며, 품목제조보고서나 원료수불대장을 통해 첨가물 사용 여부를 증명할 수 있어야 합니다. 공무원이 수거·검사한 결과, 아질산이온, 타르색소, 보존료 등이 검출되거나 사용기준을 초과한 경우, 원료 배합비 등을 고려하여 기준·규격 위반 여부가 판정됩니다."	true	
축산물가공품 제조·가공 시 아질산이온, 타르색소, 보존료를 직접 사용하지 않았지만, 원료로 사용된 간장 등에 포함된 경우에도 검사를 해야 하나요?	"Q: 축산물가공품 제조·가공 시 아질산이온, 타르색소, 보존료를 직접 사용하지 않았지만, 원료로 사용된 간장 등에 포함된 경우에도 검사를 해야 하나요?
A: 축산물가공품 제조·가공 과정에서 특정 식품첨가물을 직접 사용하지 않은 경우, 해당 항목의 검사를 생략할 수 있습니다. 그러나, 원료로 사용된 간장 등에 해당 첨가물이 포함되어 있다면, 이를 고려해야 하며, 품목제조보고서나 원료수불대장을 통해 첨가물 사용 여부를 증명할 수 있어야 합니다. 공무원이 수거·검사한 결과, 아질산이온, 타르색소, 보존료 등이 검출되거나 사용기준을 초과한 경우, 원료 배합비 등을 고려하여 기준·규격 위반 여부가 판정됩니다."	true	
축산물가공품 제조·가공 시 아질산이온, 타르색소, 보존료를 직접 사용하지 않았지만, 원료로 사용된 간장 등에 포함된 경우에도 검사를 해야 하나요?	"Q: 축산물가공품 제조·가공 시 아질산이온, 타르색소, 보존료를 직접 사용하지 않았지만, 원료로 사용된 간장 등에 포함된 경우에도 검사를 해야 하나요?
A: 축산물가공품 제조·가공 과정에서 특정 식품첨가물을 직접 사용하지 않은 경우, 해당 항목의 검사를 생략할 수 있습니다. 그러나, 원료로 사용된 간장 등에 해당 첨가물이 포함되어 있다면, 이를 고려해야 하며, 품목제조보고서나 원료수불대장을 통해 첨가물 사용 여부를 증명할 수 있어야 합니다. 공무원이 수거·검사한 결과, 아질산이온, 타르색소, 보존료 등이 검출되거나 사용기준을 초과한 경우, 원료 배합비 등을 고려하여 기준·규격 위반 여부가 판정됩니다."	true	
축산물가공품 제조·가공 시 아질산이온, 타르색소, 보존료를 직접 사용하지 않았지만, 원료로 사용된 간장 등에 포함된 경우에도 검사를 해야 하나요?	"Q: 축산물가공품 제조·가공 시 아질산이온, 타르색소, 보존료를 직접 사용하지 않았지만, 원료로 사용된 간장 등에 포함된 경우에도 검사를 해야 하나요?
A: 축산물가공품 제조·가공 과정에서 특정 식품첨가물을 직접 사용하지 않은 경우, 해당 항목의 검사를 생략할 수 있습니다. 그러나, 원료로 사용된 간장 등에 해당 첨가물이 포함되어 있다면, 이를 고려해야 하며, 품목제조보고서나 원료수불대장을 통해 첨가물 사용 여부를 증명할 수 있어야 합니다. 공무원이 수거·검사한 결과, 아질산이온, 타르색소, 보존료 등이 검출되거나 사용기준을 초과한 경우, 원료 배합비 등을 고려하여 기준·규격 위반 여부가 판정됩니다."	true	
축산물가공품 제조·가공 시 아질산이온, 타르색소, 보존료를 직접 사용하지 않았지만, 원료로 사용된 간장 등에 포함된 경우에도 검사를 해야 하나요?	"Q: 축산물가공품 제조·가공 시 아질산이온, 타르색소, 보존료를 직접 사용하지 않았지만, 원료로 사용된 간장 등에 포함된 경우에도 검사를 해야 하나요?
A: 축산물가공품 제조·가공 과정에서 특정 식품첨가물을 직접 사용하지 않은 경우, 해당 항목의 검사를 생략할 수 있습니다. 그러나, 원료로 사용된 간장 등에 해당 첨가물이 포함되어 있다면, 이를 고려해야 하며, 품목제조보고서나 원료수불대장을 통해 첨가물 사용 여부를 증명할 수 있어야 합니다. 공무원이 수거·검사한 결과, 아질산이온, 타르색소, 보존료 등이 검출되거나 사용기준을 초과한 경우, 원료 배합비 등을 고려하여 기준·규격 위반 여부가 판정됩니다."	true	
1년 동안 검사해야 하는 최소 품목 수를 정하는 시행규칙은 축산물가공업과 식육즉석판매가공업 모두에 해당되나요?	"Q: 1년 동안 검사해야 하는 최소 품목 수를 정하는 시행규칙은 축산물가공업과 식육즉석판매가공업 모두에 해당되나요?
A: 식육즉석판매가공업에는 해당되지 않습니다."	true	
" ""생산중량 상위 3개 품목""은 전년도 생산 중량을 기준으로 하나요, 아니면 당해 연도 생산 중량을 기준으로 하나요?"	"Q:  ""생산중량 상위 3개 품목""은 전년도 생산 중량을 기준으로 하나요, 아니면 당해 연도 생산 중량을 기준으로 하나요?
A: ""생산중량 상위 3개 품목""은 전년도에 생산된 생산 중량을 기준으로 합니다.
"	true	
" ""생산중량 상위 3개 품목""은 전년도 생산 중량을 기준으로 하나요, 아니면 당해 연도 생산 중량을 기준으로 하나요?"	"Q:  ""생산중량 상위 3개 품목""은 전년도 생산 중량을 기준으로 하나요, 아니면 당해 연도 생산 중량을 기준으로 하나요?
A: ""생산중량 상위 3개 품목""은 전년도에 생산된 생산 중량을 기준으로 합니다.
"	true	
전년도에 생산된 동일 유형의 품목이 없는 경우, 유형별 검사 품목 수는 어떻게 산정해야 하나요?	"Q: 전년도에 생산된 동일 유형의 품목이 없는 경우, 유형별 검사 품목 수는 어떻게 산정해야 하나요?
A: 이 경우, 동일 유형의 품목 수에 따른 검사 품목 수를 산정할 수 없으므로, 동일한 유형의 품목들 중에서 매월 1회 이상 1개 품목을 선정하여 검사할 수 있습니다."	true	
전년도에 생산된 동일 유형의 품목이 없는 경우, 유형별 검사 품목 수는 어떻게 산정해야 하나요?	"Q: 전년도에 생산된 동일 유형의 품목이 없는 경우, 유형별 검사 품목 수는 어떻게 산정해야 하나요?
A: 이 경우, 동일 유형의 품목 수에 따른 검사 품목 수를 산정할 수 없으므로, 동일한 유형의 품목들 중에서 매월 1회 이상 1개 품목을 선정하여 검사할 수 있습니다."	true	
당해연도에 생산된 품목 수가 1년 동안 검사해야 하는 최소 품목 수보다 적을 경우, 유형별 최소 검사 품목 수를 충족하기 위해 별도로 생산하여 검사를 실시해야 하나요?	"Q: 당해연도에 생산된 품목 수가 1년 동안 검사해야 하는 최소 품목 수보다 적을 경우, 유형별 최소 검사 품목 수를 충족하기 위해 별도로 생산하여 검사를 실시해야 하나요?
A: 유형별 최소 검사 품목 수를 충족하기 위해 별도로 생산할 필요는 없습니다."	true	
당해연도에 생산된 품목 수가 1년 동안 검사해야 하는 최소 품목 수보다 적을 경우, 유형별 최소 검사 품목 수를 충족하기 위해 별도로 생산하여 검사를 실시해야 하나요?	"Q: 당해연도에 생산된 품목 수가 1년 동안 검사해야 하는 최소 품목 수보다 적을 경우, 유형별 최소 검사 품목 수를 충족하기 위해 별도로 생산하여 검사를 실시해야 하나요?
A: 유형별 최소 검사 품목 수를 충족하기 위해 별도로 생산할 필요는 없습니다."	true	
당해연도에 생산된 품목 수가 1년 동안 검사해야 하는 최소 품목 수보다 적을 경우, 유형별 최소 검사 품목 수를 충족하기 위해 별도로 생산하여 검사를 실시해야 하나요?	"Q: 당해연도에 생산된 품목 수가 1년 동안 검사해야 하는 최소 품목 수보다 적을 경우, 유형별 최소 검사 품목 수를 충족하기 위해 별도로 생산하여 검사를 실시해야 하나요?
A: 유형별 최소 검사 품목 수를 충족하기 위해 별도로 생산할 필요는 없습니다."	true	
지난해 동일 유형의 품목이 12개를 초과하여 생산된 경우, 생산중량 상위 3개 품목을 검사에 포함시켜야 합니다. 만약 당해연도에 이 3개 품목 중 일부 또는 전부가 생산되지 않았다면, 해당 품목들을 별도로 생산하여 검사를 실시해야 하나요?	"Q: 지난해 동일 유형의 품목이 12개를 초과하여 생산된 경우, 생산중량 상위 3개 품목을 검사에 포함시켜야 합니다. 만약 당해연도에 이 3개 품목 중 일부 또는 전부가 생산되지 않았다면, 해당 품목들을 별도로 생산하여 검사를 실시해야 하나요?
A: 생산중량 상위 3개 품목을 충족시키기 위해 별도로 생산할 필요는 없습니다. 생산되지 않은 해당 품목들을 제외하고, 다른 상위 품목들을 포함하여 검사를 실시하면 됩니다."	true	
지난해 동일 유형의 품목이 12개를 초과하여 생산된 경우, 생산중량 상위 3개 품목을 검사에 포함시켜야 합니다. 만약 당해연도에 이 3개 품목 중 일부 또는 전부가 생산되지 않았다면, 해당 품목들을 별도로 생산하여 검사를 실시해야 하나요?	"Q: 지난해 동일 유형의 품목이 12개를 초과하여 생산된 경우, 생산중량 상위 3개 품목을 검사에 포함시켜야 합니다. 만약 당해연도에 이 3개 품목 중 일부 또는 전부가 생산되지 않았다면, 해당 품목들을 별도로 생산하여 검사를 실시해야 하나요?
A: 생산중량 상위 3개 품목을 충족시키기 위해 별도로 생산할 필요는 없습니다. 생산되지 않은 해당 품목들을 제외하고, 다른 상위 품목들을 포함하여 검사를 실시하면 됩니다."	true	
지난해 동일 유형의 품목이 12개를 초과하여 생산된 경우, 생산중량 상위 3개 품목을 검사에 포함시켜야 합니다. 만약 당해연도에 이 3개 품목 중 일부 또는 전부가 생산되지 않았다면, 해당 품목들을 별도로 생산하여 검사를 실시해야 하나요?	"Q: 지난해 동일 유형의 품목이 12개를 초과하여 생산된 경우, 생산중량 상위 3개 품목을 검사에 포함시켜야 합니다. 만약 당해연도에 이 3개 품목 중 일부 또는 전부가 생산되지 않았다면, 해당 품목들을 별도로 생산하여 검사를 실시해야 하나요?
A: 생산중량 상위 3개 품목을 충족시키기 위해 별도로 생산할 필요는 없습니다. 생산되지 않은 해당 품목들을 제외하고, 다른 상위 품목들을 포함하여 검사를 실시하면 됩니다."	true	
동일한 유형의 살균제품과 비살균제품을 생산하는 경우, 살균제품과 비살균제품을 각각 검사해야 하나요? 예를 들어, 1년에 소시지 유형에서 살균제품 5품목과 비살균제품 50품목을 생산한 경우 어떻게 해야 하나요?	"Q: 동일한 유형의 살균제품과 비살균제품을 생산하는 경우, 살균제품과 비살균제품을 각각 검사해야 하나요? 예를 들어, 1년에 소시지 유형에서 살균제품 5품목과 비살균제품 50품목을 생산한 경우 어떻게 해야 하나요?
A: 살균제품과 비살균제품은 축산물의 가공기준 및 성분규격에 따른 검사항목이 서로 다르기 때문에 각각 검사해야 합니다.

살균제품 5품목은 12개 이하에 해당하므로, 최소 3개 품목(50%)을 1년 동안 검사해야 합니다.

비살균제품 50품목은 12개를 초과하므로, 전년도 생산 중량 상위 3개 품목을 포함하여 최소 6개 품목을 1년 동안 검사해야 합니다."	true	
동일한 유형의 살균제품과 비살균제품을 생산하는 경우, 살균제품과 비살균제품을 각각 검사해야 하나요? 예를 들어, 1년에 소시지 유형에서 살균제품 5품목과 비살균제품 50품목을 생산한 경우 어떻게 해야 하나요?	"Q: 동일한 유형의 살균제품과 비살균제품을 생산하는 경우, 살균제품과 비살균제품을 각각 검사해야 하나요? 예를 들어, 1년에 소시지 유형에서 살균제품 5품목과 비살균제품 50품목을 생산한 경우 어떻게 해야 하나요?
A: 살균제품과 비살균제품은 축산물의 가공기준 및 성분규격에 따른 검사항목이 서로 다르기 때문에 각각 검사해야 합니다.

살균제품 5품목은 12개 이하에 해당하므로, 최소 3개 품목(50%)을 1년 동안 검사해야 합니다.

비살균제품 50품목은 12개를 초과하므로, 전년도 생산 중량 상위 3개 품목을 포함하여 최소 6개 품목을 1년 동안 검사해야 합니다."	true	
자가품질검사 의무 대상 영업자가 직접 검사를 실시할 수 있나요?	"Q: 자가품질검사 의무 대상 영업자가 직접 검사를 실시할 수 있나요?
A: 영업자가 자가품질검사에 필요한 기계, 기구, 시약 등을 갖춘 검사실을 보유하고, 자격을 갖춘 검사자가 있는 경우에는 직접 검사를 실시할 수 있습니다."	true	
자가품질검사 의무 대상 영업자가 직접 검사를 실시할 수 있나요?	"Q: 자가품질검사 의무 대상 영업자가 직접 검사를 실시할 수 있나요?
A: 영업자가 자가품질검사에 필요한 기계, 기구, 시약 등을 갖춘 검사실을 보유하고, 자격을 갖춘 검사자가 있는 경우에는 직접 검사를 실시할 수 있습니다."	true	
자가품질검사 의무 대상 영업자가 직접 검사를 실시할 수 있나요?	"Q: 자가품질검사 의무 대상 영업자가 직접 검사를 실시할 수 있나요?
A: 영업자가 자가품질검사에 필요한 기계, 기구, 시약 등을 갖춘 검사실을 보유하고, 자격을 갖춘 검사자가 있는 경우에는 직접 검사를 실시할 수 있습니다."	true	
축산물가공업 영업자는 반드시 검사실을 갖추어야 하나요?	"Q: 축산물가공업 영업자는 반드시 검사실을 갖추어야 하나요?
A: 아니요, 검사실을 갖추지 않아도 됩니다. 지정된 시험·검사기관에 위탁하거나, 같은 법인·계열사의 검사실을 이용할 경우, 기업집단 내 식품·축산물 관련 연구·검사기관 또는 계열 회사의 축산물가공업 검사실을 사용하는 경우에는 검사실을 갖출 필요가 없습니다."	true	
축산물가공업 영업자는 반드시 검사실을 갖추어야 하나요?	"Q: 축산물가공업 영업자는 반드시 검사실을 갖추어야 하나요?
A: 아니요, 검사실을 갖추지 않아도 됩니다. 지정된 시험·검사기관에 위탁하거나, 같은 법인·계열사의 검사실을 이용할 경우, 기업집단 내 식품·축산물 관련 연구·검사기관 또는 계열 회사의 축산물가공업 검사실을 사용하는 경우에는 검사실을 갖출 필요가 없습니다."	true	
축산물가공업 영업자는 반드시 검사실을 갖추어야 하나요?	"Q: 축산물가공업 영업자는 반드시 검사실을 갖추어야 하나요?
A: 아니요, 검사실을 갖추지 않아도 됩니다. 지정된 시험·검사기관에 위탁하거나, 같은 법인·계열사의 검사실을 이용할 경우, 기업집단 내 식품·축산물 관련 연구·검사기관 또는 계열 회사의 축산물가공업 검사실을 사용하는 경우에는 검사실을 갖출 필요가 없습니다."	true	
자가품질검사 부적합 판정을 받았을 경우 조치사항은 어떻게 되나요??	"Q: 자가품질검사 외 추가 검사에서 부적합이 발견된 경우 어떤 조치를 취해야 하나요?
A: 자가품질검사에서 정한 항목이 아닌 경우라도 부적합 판정을 받은 경우 부적합식품긴급 통보시스템으로 우선 통보한 후 부적합 항목이 회수대상인 경우 유통 제품에 대하여 회수･폐기 등 조치하여야 함"	false	
자가품질검사 부적합 판정이 되면 행정처분 대상이 되나요?	"Q: 자가품질검사 부적합 판정이 되면 행정처분 대상이 되나요?
A: 자가품질검사 부적합 결과로 행정처분 대상이 되지 않습니다.
 다만, 회수 절차를 진행하면서 허가·신고관청에서 유통 중인 회수대상 제품을 수거하여 위반사항을 확인하기 위한 검사를 실시하고, 그 결과가 부적합인 경우에는 행정처분 대상이 됩니다."	true	
자가품질검사 부적합 판정을 받았을 경우 조치사항은 어떻게 되나요??	"Q: 자가품질검사 외 추가 검사에서 부적합이 발견된 경우 어떤 조치를 취해야 하나요?
A: 자가품질검사에서 정한 항목이 아닌 경우라도 부적합 판정을 받은 경우 부적합식품긴급 통보시스템으로 우선 통보한 후 부적합 항목이 회수대상인 경우 유통 제품에 대하여 회수･폐기 등 조치하여야 함"	false	
자가품질검사 부적합 판정을 받았을 경우 조치사항은 어떻게 되나요??	"Q: 자가품질검사 외 추가 검사에서 부적합이 발견된 경우 어떤 조치를 취해야 하나요?
A: 자가품질검사에서 정한 항목이 아닌 경우라도 부적합 판정을 받은 경우 부적합식품긴급 통보시스템으로 우선 통보한 후 부적합 항목이 회수대상인 경우 유통 제품에 대하여 회수･폐기 등 조치하여야 함"	false	
자가품질검사 부적합 판정이 되면 행정처분 대상이 되나요?	"Q: 자가품질검사 부적합 판정이 되면 행정처분 대상이 되나요?
A: 자가품질검사 부적합 결과로 행정처분 대상이 되지 않습니다.
 다만, 회수 절차를 진행하면서 허가·신고관청에서 유통 중인 회수대상 제품을 수거하여 위반사항을 확인하기 위한 검사를 실시하고, 그 결과가 부적합인 경우에는 행정처분 대상이 됩니다."	true	
자가품질검사 부적합 판정이 되면 행정처분 대상이 되나요?	"Q: 자가품질검사 부적합 판정이 되면 행정처분 대상이 되나요?
A: 자가품질검사 부적합 결과로 행정처분 대상이 되지 않습니다.
 다만, 회수 절차를 진행하면서 허가·신고관청에서 유통 중인 회수대상 제품을 수거하여 위반사항을 확인하기 위한 검사를 실시하고, 그 결과가 부적합인 경우에는 행정처분 대상이 됩니다."	true	
자가품질검사 부적합 판정이 되면 행정처분 대상이 되나요?	"Q: 자가품질검사 부적합 판정이 되면 행정처분 대상이 되나요?
A: 자가품질검사 부적합 결과로 행정처분 대상이 되지 않습니다.
 다만, 회수 절차를 진행하면서 허가·신고관청에서 유통 중인 회수대상 제품을 수거하여 위반사항을 확인하기 위한 검사를 실시하고, 그 결과가 부적합인 경우에는 행정처분 대상이 됩니다."	true	
영업장소가 서로 다른 다수의 영업장에서 생산한 제품의 자가품질검사 대상 품목은 어떻게 되나요?	"Q: 영업장소가 서로 다른 다수의 영업장에서 생산한 제품의 자가품질검사 대상 품목은 어떻게 되나요?
A: 자가품질검사는 영업허가(신고)한 영업소별로 실시하여야 합니다."	true	
영업장소가 서로 다른 다수의 영업장에서 생산한 제품의 자가품질검사 대상 품목은 어떻게 되나요?	"Q: 영업장소가 서로 다른 다수의 영업장에서 생산한 제품의 자가품질검사 대상 품목은 어떻게 되나요?
A: 자가품질검사는 영업허가(신고)한 영업소별로 실시하여야 합니다."	true	
영업장소가 서로 다른 다수의 영업장에서 생산한 제품의 자가품질검사 대상 품목은 어떻게 되나요?	"Q: 영업장소가 서로 다른 다수의 영업장에서 생산한 제품의 자가품질검사 대상 품목은 어떻게 되나요?
A: 자가품질검사는 영업허가(신고)한 영업소별로 실시하여야 합니다."	true	
영업장소가 서로 다른 다수의 영업장에서 생산한 제품의 자가품질검사 대상 품목은 어떻게 되나요?	"Q: 영업장소가 서로 다른 다수의 영업장에서 생산한 제품의 자가품질검사 대상 품목은 어떻게 되나요?
A: 자가품질검사는 영업허가(신고)한 영업소별로 실시하여야 합니다."	true	
Accuracy	94.57%
